VehVin,VehTrim,VehMakeYear,VehModel,VehMake
1FMCU9GX5FUC50758,SE,2015,Escape,Ford
1FMCU9GX9FUC70589,SE,2015,Escape,Ford
1FMCU9HD0JUA87420,SEL,2018,Escape,Ford
1FMCU9J94EUD20680,Titanium,2014,Escape,Ford
1FMCU9G94HUB84241,SE,2017,Escape,Ford
1FMCU9H95DUA05293,SEL,2013,Escape,Ford
1FMCU9J98DUC05451,Titanium,2013,Escape,Ford
1FMCU9GX9FUB42983,SE,2015,Escape,Ford
1FMCU0GXXEUA24600,SE,2014,Escape,Ford
1FMCU9J91HUD88469,Titanium,2017,Escape,Ford
1FMCU9GD2HUD22797,SE,2017,Escape,Ford
1FMCU9J91NUA98163,Titanium,2022,Escape,Ford
1FMCU9GX8GUA46540,SE,2016,Escape,Ford
1FMCU9G93DUC81196,SE,2013,Escape,Ford
1FMCU9J98GUC47378,Titanium,2016,Escape,Ford
1FMCU9J97DUC81761,Titanium,2013,Escape,Ford
1FMCU9G97DUA08147,SE,2013,Escape,Ford
1FMCU0GX5EUE29862,SE,2014,Escape,Ford
1FMCU9J94EUD60659,Titanium,2014,Escape,Ford
1FMCU9J94EUD83035,Titanium,2014,Escape,Ford
1FMCU9GX4EUE43725,SE,2014,Escape,Ford
1FMCU9GX1FUA33109,SE,2015,Escape,Ford
1FMCU9J99KUA83180,Titanium,2019,Escape,Ford
1FMCU9GD1HUA43194,SE,2017,Escape,Ford
1FMCU0F71HUA41758,S,2017,Escape,Ford
1FMCU0GD2HUD61496,SE,2017,Escape,Ford
1FMCU9GD4HUE57859,SE,2017,Escape,Ford
1FMCU9GD6HUD96949,SE,2017,Escape,Ford
1FMCU9J98HUD88095,Titanium,2017,Escape,Ford
1FMCU9H97JUB47236,SEL,2018,Escape,Ford
1FMCU9G61LUB35173,SE,2020,Escape,Ford
1FMCU9GDXHUE99663,SE,2017,Escape,Ford
1FMCU9J96JUD10503,Titanium,2018,Escape,Ford
1FMCU9GD3HUC82889,SE,2017,Escape,Ford
1FMCU9GD2HUB32773,SE,2017,Escape,Ford
1FMCU9G97HUB63710,SE,2017,Escape,Ford
1FMCU9G98HUD30723,SE,2017,Escape,Ford
1FMCU9DZXLUB79574,Titanium Hybrid,2020,Escape,Ford
1FMCU9G93HUA06448,SE,2017,Escape,Ford
1FMCU9G92HUA96322,SE,2017,Escape,Ford
1FMCU9J91HUA04982,Titanium,2017,Escape,Ford
1FMCU9J97JUD45583,Titanium,2018,Escape,Ford
1FMCU0G92HUE27217,SE,2017,Escape,Ford
1FMCU9J92HUE10933,Titanium,2017,Escape,Ford
1FMCU9J99HUA43366,Titanium,2017,Escape,Ford
1FMCU9G90HUC36013,SE,2017,Escape,Ford
1FMCU9J96KUC38624,Titanium,2019,Escape,Ford
1FMCU0F71HUB32769,S,2017,Escape,Ford
1FMCU9GD3KUB70309,SE,2019,Escape,Ford
1FMCU9G91HUD00883,SE,2017,Escape,Ford
1FMCU9J99HUA65285,Titanium,2017,Escape,Ford
1FMCU0GD0HUE80261,SE,2017,Escape,Ford
1FMCU9J97JUD10705,Titanium,2018,Escape,Ford
1FMCU9J97KUB68132,Titanium,2019,Escape,Ford
1FMCU0GD7JUC52196,SE,2018,Escape,Ford
1FMCU9GDXHUB32777,SE,2017,Escape,Ford
1FMCU9J91HUD69968,Titanium,2017,Escape,Ford
1FMCU9G94HUA72121,SE,2017,Escape,Ford
1FMCU0GD1HUA06304,SE,2017,Escape,Ford
1FMCU9HD8JUC64635,SEL,2018,Escape,Ford
1FMCU9G93HUA72093,SE,2017,Escape,Ford
1FMCU9J99JUA00975,Titanium,2018,Escape,Ford
1FMCU0GDXHUB10788,SE,2017,Escape,Ford
1FMCU0F76HUD46737,S,2017,Escape,Ford
1FMCU9GD8JUB32623,SE,2018,Escape,Ford
1FMCU0F73HUB16816,S,2017,Escape,Ford
1FMCU9G91HUD31678,SE,2017,Escape,Ford
1FMCU0GD1HUB10789,SE,2017,Escape,Ford
1FMCU9GD2KUC38017,SE,2019,Escape,Ford
1FMCU9J93HUD68420,Titanium,2017,Escape,Ford
1FMCU9HD3KUC15862,SEL,2019,Escape,Ford
1FMCU0GDXKUC13510,SE,2019,Escape,Ford
1FMCU9D76AKC55959,XLT,2010,Escape,Ford
1FMCU9G98HUD79842,SE,2017,Escape,Ford
1FMCU9J92HUA34573,Titanium,2017,Escape,Ford
1FMCU9GD4JUB32537,SE,2018,Escape,Ford
1FMCU9GD8JUB30001,SE,2018,Escape,Ford
1FMCU9G96HUC29244,SE,2017,Escape,Ford
1FMCU9G91HUB10792,SE,2017,Escape,Ford
1FMCU9GD3KUA82764,SE,2019,Escape,Ford
1FMCU9G9XHUA72107,SE,2017,Escape,Ford
1FMCU9G98HUE80461,SE,2017,Escape,Ford
1FMCU9GD9KUB70458,SE,2019,Escape,Ford
1FMCU9J92HUD00805,Titanium,2017,Escape,Ford
1FMCU0GD3JUD10532,SE,2018,Escape,Ford
1FMCU9J93HUD97917,Titanium,2017,Escape,Ford
1FMCU9J94JUB32512,Titanium,2018,Escape,Ford
1FMCU9G68LUA86635,SE,2020,Escape,Ford
1FMCU9J93HUA43198,Titanium,2017,Escape,Ford
1FMCU9GD9KUB88751,SE,2019,Escape,Ford
1FMCU9GD0HUB06902,SE,2017,Escape,Ford
1FMCU9J92JUC97264,Titanium,2018,Escape,Ford
1FMCU9H93KUB17054,SEL,2019,Escape,Ford
1FMCU9DZ9LUA42349,Titanium Hybrid,2020,Escape,Ford
1FMCU9GD5HUB22237,SE,2017,Escape,Ford
1FMCU0GDXHUE26479,SE,2017,Escape,Ford
1FMCU9G96HUC57044,SE,2017,Escape,Ford
1FMCU9HD5KUA43298,SEL,2019,Escape,Ford
1FMCU9G95HUD61508,SE,2017,Escape,Ford
1FMCU9GD5HUB16826,SE,2017,Escape,Ford
1FMCU9G91HUD46682,SE,2017,Escape,Ford
1FMCU9J90HUA72111,Titanium,2017,Escape,Ford
1FMCU9HD8JUA92963,SEL,2018,Escape,Ford
1FMCU9H91KUC15855,SEL,2019,Escape,Ford
1FMCU9H93JUC14172,SEL,2018,Escape,Ford
1FMCU9GDXHUA01459,SE,2017,Escape,Ford
1FMCU9DZ8LUB99628,Titanium Hybrid,2020,Escape,Ford
1FMCU9GD8HUD61653,SE,2017,Escape,Ford
1FMCU9G98HUA96602,SE,2017,Escape,Ford
1FMCU0GD4HUE10441,SE,2017,Escape,Ford
1FMCU9HD5JUB90977,SEL,2018,Escape,Ford
1FMCU9DZ2LUB52207,Titanium Hybrid,2020,Escape,Ford
1FMCU9GD3JUC97253,SE,2018,Escape,Ford
1FMCU9GD5JUC15250,SE,2018,Escape,Ford
1FMCU9J90HUA85778,Titanium,2017,Escape,Ford
1FMCU9G97HUB07279,SE,2017,Escape,Ford
1FMCU9GD7JUB88908,SE,2018,Escape,Ford
1FMCU9H9XJUC15254,SEL,2018,Escape,Ford
1FMCU9GD8JUA87389,SE,2018,Escape,Ford
1FMCU9G93HUA01458,SE,2017,Escape,Ford
1FMCU9HDXKUB87929,SEL,2019,Escape,Ford
1FMCU9GD3JUC42804,SE,2018,Escape,Ford
1FMCU9GD9HUB06493,SE,2017,Escape,Ford
1FMCU9G98HUD62748,SE,2017,Escape,Ford
1FMCU9J93HUA34579,Titanium,2017,Escape,Ford
1FMCU9J90JUC22000,Titanium,2018,Escape,Ford
1FMCU9HD5KUC15863,SEL,2019,Escape,Ford
1FMCU9GD5KUB12654,SE,2019,Escape,Ford
1FMCU9GD1JUB00628,SE,2018,Escape,Ford
1FMCU9H93KUB68201,SEL,2019,Escape,Ford
1FMCU0GD2HUA66687,SE,2017,Escape,Ford
1FMCU9J95HUE77963,Titanium,2017,Escape,Ford
1FMCU9H67LUA87970,SEL,2020,Escape,Ford
1FMCU9GD9HUA06457,SE,2017,Escape,Ford
1FMCU0GD7HUC82888,SE,2017,Escape,Ford
1FMCU9J9XHUC91285,Titanium,2017,Escape,Ford
1FMCU9G94HUE80456,SE,2017,Escape,Ford
1FMCU9G99HUD69966,SE,2017,Escape,Ford
1FMCU9G90HUB91994,SE,2017,Escape,Ford
1FMCU9H98KUB17051,SEL,2019,Escape,Ford
1FMCU9GD3JUC42219,SE,2018,Escape,Ford
1FMCU9J98HUE60106,Titanium,2017,Escape,Ford
1FMCU0F78HUC57042,S,2017,Escape,Ford
1FMCU9GD2JUC93288,SE,2018,Escape,Ford
1FMCU9GD2HUA85681,SE,2017,Escape,Ford
1FMCU9GD4HUE99660,SE,2017,Escape,Ford
1FMCU9H99KUC40843,SEL,2019,Escape,Ford
1FMCU9H97KUB87835,SEL,2019,Escape,Ford
1FMCU0GD6JUB89754,SE,2018,Escape,Ford
1FMCU9GD0JUB32518,SE,2018,Escape,Ford
1FMCU9G98HUB62789,SE,2017,Escape,Ford
1FMCU9G91HUA72092,SE,2017,Escape,Ford
1FMCU9G90HUA97193,SE,2017,Escape,Ford
1FMCU9GD3HUC40125,SE,2017,Escape,Ford
1FMCU9J92HUD96936,Titanium,2017,Escape,Ford
1FMCU9G9XHUA43190,SE,2017,Escape,Ford
1FMCU0F77HUC68744,S,2017,Escape,Ford
1FMCU9HD1KUC11521,SEL,2019,Escape,Ford
1FMCU9GDXJUC42220,SE,2018,Escape,Ford
1FMCU9J90HUB84147,Titanium,2017,Escape,Ford
1FMCU9J99JUC64441,Titanium,2018,Escape,Ford
1FMCU9J99HUE40835,Titanium,2017,Escape,Ford
1FMCU9GD9JUB91132,SE,2018,Escape,Ford
1FMCU9HD8JUB88432,SEL,2018,Escape,Ford
1FMCU9GD6HUC40359,SE,2017,Escape,Ford
1FMCU9G64LUB27441,SE,2020,Escape,Ford
1FMCU9GD6JUA00301,SE,2018,Escape,Ford
1FMCU9GD1KUB87917,SE,2019,Escape,Ford
1FMCU9H65LUA02642,SEL,2020,Escape,Ford
1FMCU9GD5JUC97254,SE,2018,Escape,Ford
1FMCU9DZ2LUB12077,Titanium Hybrid,2020,Escape,Ford
1FMCU9HD9KUC16031,SEL,2019,Escape,Ford
1FMCU9J99HUD00803,Titanium,2017,Escape,Ford
1FMCU9G93HUC68745,SE,2017,Escape,Ford
1FMCU9G66LUA87962,SE,2020,Escape,Ford
1FMCU9HD8KUB70322,SEL,2019,Escape,Ford
1FMCU9GD7JUB77052,SE,2018,Escape,Ford
1FMCU9GD8HUA65080,SE,2017,Escape,Ford
1FMCU9GD9JUB90966,SE,2018,Escape,Ford
1FMCU9G99HUA72096,SE,2017,Escape,Ford
1FMCU9H96JUC23402,SEL,2018,Escape,Ford
1FMCU9J98JUD10504,Titanium,2018,Escape,Ford
1FMCU9GD1HUE99664,SE,2017,Escape,Ford
1FMCU9GD5KUC40845,SE,2019,Escape,Ford
1FMCU9GD8KUB15256,SE,2019,Escape,Ford
1FMCU9J90HUB18200,Titanium,2017,Escape,Ford
1FMCU0F70HUD89535,S,2017,Escape,Ford
1FMCU9GD5HUD00809,SE,2017,Escape,Ford
1FMCU9GD8HUB84151,SE,2017,Escape,Ford
1FMCU9J98KUC16009,Titanium,2019,Escape,Ford
1FMCU0F76JUA98477,S,2018,Escape,Ford
1FMCU9J96HUE10935,Titanium,2017,Escape,Ford
1FMCU9GD1HUB92415,SE,2017,Escape,Ford
1FMCU0F7XHUA43184,S,2017,Escape,Ford
1FMCU0F71HUB84144,S,2017,Escape,Ford
1FMCU9HD5JUC93137,SEL,2018,Escape,Ford
1FMCU9J92HUD31682,Titanium,2017,Escape,Ford
1FMCU0F7XHUB32768,S,2017,Escape,Ford
1FMCU9GD7HUB69964,SE,2017,Escape,Ford
1FMCU9GD7HUB62786,SE,2017,Escape,Ford
1FMCU9GD2HUC29245,SE,2017,Escape,Ford
1FMCU9G91HUD79844,SE,2017,Escape,Ford
1FMCU9H94LUB45916,SEL,2020,Escape,Ford
1FMCU0GD8HUD98178,SE,2017,Escape,Ford
1FMCU9HD8JUC72119,SEL,2018,Escape,Ford
1FMCU9HD5JUC82333,SEL,2018,Escape,Ford
1FMCU9H61LUA86636,SEL,2020,Escape,Ford
1FMCU9GD7KUB88764,SE,2019,Escape,Ford
1FMCU9GD8HUD22111,SE,2017,Escape,Ford
1FMCU9GD2HUA55886,SE,2017,Escape,Ford
1FMCU9J9XKUA82586,Titanium,2019,Escape,Ford
1FMCU9GD9JUC72258,SE,2018,Escape,Ford
1FMCU9GD1HUB32862,SE,2017,Escape,Ford
1FMCU9J96KUC10127,Titanium,2019,Escape,Ford
1FMCU9H65LUA02639,SEL,2020,Escape,Ford
1FMCU9J99HUD68521,Titanium,2017,Escape,Ford
1FMCU9FD8HUE26700,S,2017,Escape,Ford
1FMCU9HD3KUC58890,SEL,2019,Escape,Ford
1FMCU9GD2JUC50912,SE,2018,Escape,Ford
1FMCU9G9XHUD22056,SE,2017,Escape,Ford
1FMCU9GD7KUB68935,SE,2019,Escape,Ford
1FMCU9G93HUB18294,SE,2017,Escape,Ford
1FMCU9GD2KUB73055,SE,2019,Escape,Ford
1FMCU0F78HUA43183,S,2017,Escape,Ford
1FMCU9GD7JUC95604,SE,2018,Escape,Ford
1FMCU9GD5JUD45139,SE,2018,Escape,Ford
1FMCU0GD7HUA72114,SE,2017,Escape,Ford
1FMCU9HD8KUC12746,SEL,2019,Escape,Ford
1FMCU9DZ6LUB27438,Titanium Hybrid,2020,Escape,Ford
1FMCU0GD6HUE26477,SE,2017,Escape,Ford
1FMCU9J92HUA55892,Titanium,2017,Escape,Ford
1FMCU9H92JUD23724,SEL,2018,Escape,Ford
1FMCU9HD2KUB68131,SEL,2019,Escape,Ford
1FMCU9J97HUE19269,Titanium,2017,Escape,Ford
1FMCU9FD6HUD62060,S,2017,Escape,Ford
1FMCU9GD5JUC82494,SE,2018,Escape,Ford
1FMCU9GD9JUD09275,SE,2018,Escape,Ford
1FMCU9J90HUB54825,Titanium,2017,Escape,Ford
1FMCU0F70HUA33859,S,2017,Escape,Ford
1FMCU9DZ2LUA01433,Titanium Hybrid,2020,Escape,Ford
1FMCU9H66LUB21123,SEL,2020,Escape,Ford
1FMCU9GD7HUA72098,SE,2017,Escape,Ford
1FMCU9FD6HUE26579,S,2017,Escape,Ford
1FMCU9GDXKUB15257,SE,2019,Escape,Ford
1FMCU9GD2KUA82738,SE,2019,Escape,Ford
1FMCU9G95HUC15772,SE,2017,Escape,Ford
1FMCU9HD6JUA67558,SEL,2018,Escape,Ford
1FMCU9GD8JUC65625,SE,2018,Escape,Ford
1FMCU9J93KUC38631,Titanium,2019,Escape,Ford
1FMCU9GD1HUC82891,SE,2017,Escape,Ford
1FMCU0GD9HUC90460,SE,2017,Escape,Ford
1FMCU9J98HUD88016,Titanium,2017,Escape,Ford
1FMCU0GD0HUD00812,SE,2017,Escape,Ford
1FMCU9J99HUB84258,Titanium,2017,Escape,Ford
1FMCU9GD6HUB07276,SE,2017,Escape,Ford
1FMCU9GD1HUB93046,SE,2017,Escape,Ford
1FMCU9GD6HUB93043,SE,2017,Escape,Ford
1FMCU9GD6HUA85683,SE,2017,Escape,Ford
1FMCU9G96HUA66689,SE,2017,Escape,Ford
1FMCU9J98KUB89491,Titanium,2019,Escape,Ford
1FMCU9J94HUB06826,Titanium,2017,Escape,Ford
1FMCU9GD8JUA05757,SE,2018,Escape,Ford
1FMCU9GD8KUB72346,SE,2019,Escape,Ford
1FMCU9GD5HUE27107,SE,2017,Escape,Ford
1FMCU9GD5JUC97268,SE,2018,Escape,Ford
1FMCU9G98HUD00802,SE,2017,Escape,Ford
1FMCU0GD0HUA17195,SE,2017,Escape,Ford
1FMCU9G98HUD89593,SE,2017,Escape,Ford
1FMCU9J99HUB32791,Titanium,2017,Escape,Ford
1FMCU9H95KUB73058,SEL,2019,Escape,Ford
1FMCU9G92HUA97194,SE,2017,Escape,Ford
1FMCU9GD2HUC89414,SE,2017,Escape,Ford
1FMCU9G93HUB47424,SE,2017,Escape,Ford
1FMCU9HD6KUB38548,SEL,2019,Escape,Ford
1FMCU0F79KUB37600,S,2019,Escape,Ford
1FMCU9GD5JUC42352,SE,2018,Escape,Ford
1FMCU9HD3KUA43297,SEL,2019,Escape,Ford
1FMCU9J9XHUD62839,Titanium,2017,Escape,Ford
1FMCU9J97HUA06316,Titanium,2017,Escape,Ford
1FMCU9G92DUD44613,SE,2013,Escape,Ford
1FMCU9H95JUC14173,SEL,2018,Escape,Ford
1FMCU9G9XHUA72110,SE,2017,Escape,Ford
1FMCU9GD1HUD68833,SE,2017,Escape,Ford
1FMCU9HDXJUC42054,SEL,2018,Escape,Ford
1FMCU9J93KUB16318,Titanium,2019,Escape,Ford
1FMCU9GD0JUB63218,SE,2018,Escape,Ford
1FMCU9GD3KUB70312,SE,2019,Escape,Ford
1FMCU9G9XHUB54824,SE,2017,Escape,Ford
1FMCU9J98HUA85687,Titanium,2017,Escape,Ford
1FMCU9HD2JUB17923,SEL,2018,Escape,Ford
1FMCU9J98HUC82892,Titanium,2017,Escape,Ford
1FMCU9GD7HUA66690,SE,2017,Escape,Ford
1FMCU0GD3JUD10515,SE,2018,Escape,Ford
1FMCU9G95HUB63754,SE,2017,Escape,Ford
1FMCU9H93JUC23406,SEL,2018,Escape,Ford
1FMCU9GD5HUB69963,SE,2017,Escape,Ford
1FMCU0GD5HUD98008,SE,2017,Escape,Ford
1FMCU9J93HUB54883,Titanium,2017,Escape,Ford
1FMCU9G9XHUC57046,SE,2017,Escape,Ford
1FMCU9J98HUC29609,Titanium,2017,Escape,Ford
1FMCU9GDXHUD87994,SE,2017,Escape,Ford
1FMCU9G96HUE60161,SE,2017,Escape,Ford
1FMCU9H6XLUA42344,SEL,2020,Escape,Ford
1FMCU9J90HUD22897,Titanium,2017,Escape,Ford
1FMCU9HD0KUB68130,SEL,2019,Escape,Ford
1FMCU9J95LUA02645,Titanium,2020,Escape,Ford
1FMCU9J91HUA85689,Titanium,2017,Escape,Ford
1FMCU9H95KUC15857,SEL,2019,Escape,Ford
1FMCU9GD1HUA72100,SE,2017,Escape,Ford
1FMCU9J94JUC82488,Titanium,2018,Escape,Ford
1FMCU0F79KUC11517,S,2019,Escape,Ford
1FMCU9GD3JUA25981,SE,2018,Escape,Ford
1FMCU0GD5HUA16818,SE,2017,Escape,Ford
1FMCU9J99EUA32248,Titanium,2014,Escape,Ford
1FMCU9GD1HUD97913,SE,2017,Escape,Ford
1FMCU9GD7HUE80262,SE,2017,Escape,Ford
1FMCU9G97HUD61512,SE,2017,Escape,Ford
1FMCU9G95HUD69964,SE,2017,Escape,Ford
1FMCU9HD1JUB31943,SEL,2018,Escape,Ford
1FMCU9GD0KUB39793,SE,2019,Escape,Ford
1FMCU9GD5HUE18780,SE,2017,Escape,Ford
1FMCU9J93HUE77962,Titanium,2017,Escape,Ford
1FMCU0G94HUD00923,SE,2017,Escape,Ford
1FMCU9GD0JUB57368,SE,2018,Escape,Ford
1FMCU9J95HUD46015,Titanium,2017,Escape,Ford
1FMCU9H60LUB33106,SEL,2020,Escape,Ford
1FMCU9HD7KUC15864,SEL,2019,Escape,Ford
1FMCU9G93HUD68828,SE,2017,Escape,Ford
1FMCU9HD3JUC65630,SEL,2018,Escape,Ford
1FMCU9HD5KUC58891,SEL,2019,Escape,Ford
1FMCU9G90HUB10802,SE,2017,Escape,Ford
1FMCU9J93HUA65847,Titanium,2017,Escape,Ford
1FMCU9GD2HUA66693,SE,2017,Escape,Ford
1FMCU9GD6KUA65862,SE,2019,Escape,Ford
1FMCU9G61LUB21130,SE,2020,Escape,Ford
1FMCU9G9XHUD79843,SE,2017,Escape,Ford
1FMCU9G97HUD69965,SE,2017,Escape,Ford
1FMCU9G94HUC56698,SE,2017,Escape,Ford
1FMCU9GD0JUB90970,SE,2018,Escape,Ford
1FMCU9GD6HUE58401,SE,2017,Escape,Ford
1FMCU9J98JUC93140,Titanium,2018,Escape,Ford
1FMCU9H91JUC23386,SEL,2018,Escape,Ford
1FMCU9GDXHUB46906,SE,2017,Escape,Ford
1FMCU9J92HUB18215,Titanium,2017,Escape,Ford
1FMCU9GDXHUC15786,SE,2017,Escape,Ford
1FMCU9HDXKUB13779,SEL,2019,Escape,Ford
1FMCU9H62LUB35178,SEL,2020,Escape,Ford
1FMCU9GD4HUB32774,SE,2017,Escape,Ford
1FMCU9J97JUC97339,Titanium,2018,Escape,Ford
1FMCU9H94LUA42351,SEL,2020,Escape,Ford
1FMCU9GDXHUE80272,SE,2017,Escape,Ford
1FMCU9GDXKUC10627,SE,2019,Escape,Ford
1FMCU9HD4JUA00974,SEL,2018,Escape,Ford
1FMCU9HD4KUA65955,SEL,2019,Escape,Ford
1FMCU9GD4HUA55887,SE,2017,Escape,Ford
1FMCU9GD6HUE80267,SE,2017,Escape,Ford
1FMCU9J90KUB16311,Titanium,2019,Escape,Ford
1FMCU9J97JUA67445,Titanium,2018,Escape,Ford
1FMCU9DZ0LUA86921,Titanium Hybrid,2020,Escape,Ford
1FMCU9J96JUD10629,Titanium,2018,Escape,Ford
1FMCU9H98JUC65649,SEL,2018,Escape,Ford
1FMCU9G98HUA70369,SE,2017,Escape,Ford
1FMCU0GD0HUE26507,SE,2017,Escape,Ford
1FMCU9GD8HUB92413,SE,2017,Escape,Ford
1FMCU9J9XHUD46012,Titanium,2017,Escape,Ford
1FMCU9GD2JUC93145,SE,2018,Escape,Ford
1FMCU9J98HUA70364,Titanium,2017,Escape,Ford
1FMCU9G93HUD79845,SE,2017,Escape,Ford
1FMCU9G63LUA42333,SE,2020,Escape,Ford
1FMCU9GD7KUB68126,SE,2019,Escape,Ford
1FMCU0GD8HUB11129,SE,2017,Escape,Ford
1FMCU9HD0JUC97550,SEL,2018,Escape,Ford
1FMCU9J92HUE60098,Titanium,2017,Escape,Ford
1FMCU9GD9HUB24704,SE,2017,Escape,Ford
1FMCU0GD4HUD88666,SE,2017,Escape,Ford
1FMCU9GD1JUC52392,SE,2018,Escape,Ford
1FMCU9G96HUB63701,SE,2017,Escape,Ford
1FMCU9G62LUA17570,SE,2020,Escape,Ford
1FMCU9GD3HUE27106,SE,2017,Escape,Ford
1FMCU9J94HUA34574,Titanium,2017,Escape,Ford
1FMCU0F71HUD79838,S,2017,Escape,Ford
1FMCU9GD5JUC42805,SE,2018,Escape,Ford
1FMCU9J92JUC82487,Titanium,2018,Escape,Ford
1FMCU9J98HUA70395,Titanium,2017,Escape,Ford
1FMCU9HD9JUC82500,SEL,2018,Escape,Ford
1FMCU9J95HUD62747,Titanium,2017,Escape,Ford
1FMCU9J97JUD44918,Titanium,2018,Escape,Ford
1FMCU9J96HUE41201,Titanium,2017,Escape,Ford
1FMCU9G95HUA85685,SE,2017,Escape,Ford
1FMCU9GD7HUE60092,SE,2017,Escape,Ford
1FMCU9HD6KUB38551,SEL,2019,Escape,Ford
1FMCU0GD9HUD46669,SE,2017,Escape,Ford
1FMCU0F71KUC11530,S,2019,Escape,Ford
1FMCU9J9XHUD68429,Titanium,2017,Escape,Ford
1FMCU9HD7JUC50581,SEL,2018,Escape,Ford
1FMCU9J93HUE77959,Titanium,2017,Escape,Ford
1FMCU9J9XKUC15914,Titanium,2019,Escape,Ford
1FMCU9FD7HUE27112,S,2017,Escape,Ford
1FMCU9GD3HUD97914,SE,2017,Escape,Ford
1FMCU9J95KUB12660,Titanium,2019,Escape,Ford
1FMCU9GD4HUB93039,SE,2017,Escape,Ford
1FMCU9GD4JUA76616,SE,2018,Escape,Ford
1FMCU9HD6JUC52208,SEL,2018,Escape,Ford
1FMCU9J94HUB62703,Titanium,2017,Escape,Ford
1FMCU9GDXKUB72347,SE,2019,Escape,Ford
1FMCU9H97JUD32483,SEL,2018,Escape,Ford
1FMCU9HD3JUC21398,SEL,2018,Escape,Ford
1FMCU9FD8HUD62061,S,2017,Escape,Ford
1FMCU9H90KUA48453,SEL,2019,Escape,Ford
1FMCU9J97LUA87956,Titanium,2020,Escape,Ford
1FMCU9GDXKUB70310,SE,2019,Escape,Ford
1FMCU9J99HUA06446,Titanium,2017,Escape,Ford
1FMCU9J99JUB77753,Titanium,2018,Escape,Ford
1FMCU9HD7JUD09290,SEL,2018,Escape,Ford
1FMCU9J91HUE27111,Titanium,2017,Escape,Ford
1FMCU9J98KUB71315,Titanium,2019,Escape,Ford
1FMCU9HD4KUB38547,SEL,2019,Escape,Ford
1FMCU9J90JUB88009,Titanium,2018,Escape,Ford
1FMCU9H94KUB87923,SEL,2019,Escape,Ford
1FMCU9GDXJUC97251,SE,2018,Escape,Ford
1FMCU9GD7HUD62051,SE,2017,Escape,Ford
1FMCU9HD0JUB65243,SEL,2018,Escape,Ford
1FMCU9J93HUD88473,Titanium,2017,Escape,Ford
1FMCU9GD4HUE80266,SE,2017,Escape,Ford
1FMCU9GD9KUB68127,SE,2019,Escape,Ford
1FMCU9J93HUA34582,Titanium,2017,Escape,Ford
1FMCU9J98HUB18185,Titanium,2017,Escape,Ford
1FMCU9J90HUD69959,Titanium,2017,Escape,Ford
1FMCU9GD0JUB90967,SE,2018,Escape,Ford
1FMCU9G95HUB10794,SE,2017,Escape,Ford
1FMCU9J95KUB35064,Titanium,2019,Escape,Ford
1FMCU9J9XHUE80275,Titanium,2017,Escape,Ford
1FMCU9J92HUA65256,Titanium,2017,Escape,Ford
1FMCU9J94HUB47425,Titanium,2017,Escape,Ford
1FMCU0GD0KUA81809,SE,2019,Escape,Ford
1FMCU9GD2HUB18193,SE,2017,Escape,Ford
1FMCU9J96LUB99955,Titanium,2020,Escape,Ford
1FMCU9HD4KUB38550,SEL,2019,Escape,Ford
1FMCU9HD1KUC40856,SEL,2019,Escape,Ford
1FMCU9J93JUC93143,Titanium,2018,Escape,Ford
1FMCU9G63LUB35174,SE,2020,Escape,Ford
1FMCU9G96HUE18783,SE,2017,Escape,Ford
1FMCU9GD7KUC40846,SE,2019,Escape,Ford
1FMCU9J98HUD68834,Titanium,2017,Escape,Ford
1FMCU9G97HUC69431,SE,2017,Escape,Ford
1FMCU9GD7JUB56346,SE,2018,Escape,Ford
1FMCU9GD7JUB90979,SE,2018,Escape,Ford
1FMCU9G61LUA60605,SE,2020,Escape,Ford
1FMCU9G93HUB63705,SE,2017,Escape,Ford
1FMCU9GD6HUA43188,SE,2017,Escape,Ford
1FMCU9GD9HUC05301,SE,2017,Escape,Ford
1FMCU9GD2HUB92049,SE,2017,Escape,Ford
1FMCU9J9XHUC05294,Titanium,2017,Escape,Ford
1FMCU9G90HUD62727,SE,2017,Escape,Ford
1FMCU9J96HUD88449,Titanium,2017,Escape,Ford
1FMCU9GD5JUC52265,SE,2018,Escape,Ford
1FMCU9HD0JUC82479,SEL,2018,Escape,Ford
1FMCU9GD6KUA00185,SE,2019,Escape,Ford
1FMCU9GD8HUB32776,SE,2017,Escape,Ford
1FMCU9HD5KUA82554,SEL,2019,Escape,Ford
1FMCU9J94HUB09421,Titanium,2017,Escape,Ford
1FMCU9GD8KUA43295,SE,2019,Escape,Ford
1FMCU9J9XHUC29076,Titanium,2017,Escape,Ford
1FMCU9J92HUB18201,Titanium,2017,Escape,Ford
1FMCU9J95JUA67427,Titanium,2018,Escape,Ford
1FMCU9H66LUB20909,SEL,2020,Escape,Ford
1FMCU9GD7HUB24703,SE,2017,Escape,Ford
1FMCU9J97HUA05005,Titanium,2017,Escape,Ford
1FMCU9GD1KUB87920,SE,2019,Escape,Ford
1FMCU9DZ4LUA86923,Titanium Hybrid,2020,Escape,Ford
1FMCU9J90JUC82522,Titanium,2018,Escape,Ford
1FMCU9G90HUE26703,SE,2017,Escape,Ford
1FMCU9GDXJUC93135,SE,2018,Escape,Ford
1FMCU9H99JUC14175,SEL,2018,Escape,Ford
1FMCU93G09KC24073,XLT,2009,Escape,Ford
1FMCU9HD8KUC40854,SEL,2019,Escape,Ford
1FMCU9GD1HUB07489,SE,2017,Escape,Ford
1FMCU9J91HUD62745,Titanium,2017,Escape,Ford
1FMCU0GD2HUC15034,SE,2017,Escape,Ford
1FMCU9FD9HUB54822,S,2017,Escape,Ford
1FMCU0HD7JUC64654,SEL,2018,Escape,Ford
1FMCU9G64LUB75750,SE,2020,Escape,Ford
1FMCU9HD2JUD52757,SEL,2018,Escape,Ford
1FMCU9G67LUB35176,SE,2020,Escape,Ford
1FMCU9GDXKUA82695,SE,2019,Escape,Ford
1FMCU9G99HUA66721,SE,2017,Escape,Ford
1FMCU9GD3JUC52197,SE,2018,Escape,Ford
1FMCU9J92HUE60103,Titanium,2017,Escape,Ford
1FMCU9HD2JUB91150,SEL,2018,Escape,Ford
1FMCU9G93HUB70184,SE,2017,Escape,Ford
1FMCU9GD7JUB17921,SE,2018,Escape,Ford
1FMCU9GD7KUB73049,SE,2019,Escape,Ford
1FMCU9G98HUA72123,SE,2017,Escape,Ford
1FMCU9GD3HUD46011,SE,2017,Escape,Ford
1FMCU9J97KUB37575,Titanium,2019,Escape,Ford
1FMCU9G99HUA05336,SE,2017,Escape,Ford
1FMCU9GD4JUC15305,SE,2018,Escape,Ford
1FMCU9GD5HUB10797,SE,2017,Escape,Ford
1FMCU9J92HUB54826,Titanium,2017,Escape,Ford
1FMCU9HD1KUB15260,SEL,2019,Escape,Ford
1FMCU9HD4JUC72117,SEL,2018,Escape,Ford
1FMCU9J93KUB37573,Titanium,2019,Escape,Ford
1FMCU9J99JUD10561,Titanium,2018,Escape,Ford
1FMCU9HD8KUB70319,SEL,2019,Escape,Ford
1FMCU0F70JUB32509,S,2018,Escape,Ford
1FMCU9J91LUA42348,Titanium,2020,Escape,Ford
1FMCU9GDXHUB24758,SE,2017,Escape,Ford
1FMCU9GD0JUC15253,SE,2018,Escape,Ford
1FMCU9FD4HUD62056,S,2017,Escape,Ford
1FMCU9HD8JUC15502,SEL,2018,Escape,Ford
1FMCU9G61LUB50711,SE,2020,Escape,Ford
1FMCU9G6XLUB35172,SE,2020,Escape,Ford
1FMCU9GD5JUA67598,SE,2018,Escape,Ford
1FMCU9J95HUA04824,Titanium,2017,Escape,Ford
1FMCU9H98KUC40848,SEL,2019,Escape,Ford
1FMCU0GD9KUC41301,SE,2019,Escape,Ford
1FMCU0GD5HUB23982,SE,2017,Escape,Ford
1FMCU9HD4JUC52210,SEL,2018,Escape,Ford
1FMCU9J97HUD88444,Titanium,2017,Escape,Ford
1FMCU0F73HUB10787,S,2017,Escape,Ford
1FMCU9G93HUD69963,SE,2017,Escape,Ford
1FMCU9G98HUD01108,SE,2017,Escape,Ford
1FMCU9G92HUD69999,SE,2017,Escape,Ford
1FMCU9GD3JUA45423,SE,2018,Escape,Ford
1FMCU9GD7JUC52204,SE,2018,Escape,Ford
1FMCU9G99HUC36365,SE,2017,Escape,Ford
1FMCU9GD0HUB32772,SE,2017,Escape,Ford
1FMCU9HD4KUB68129,SEL,2019,Escape,Ford
1FMCU9GD0HUB84158,SE,2017,Escape,Ford
1FMCU9J91JUB64527,Titanium,2018,Escape,Ford
1FMCU9HD7JUC82480,SEL,2018,Escape,Ford
1FMCU9J97HUD98018,Titanium,2017,Escape,Ford
1FMCU9GD4HUA85682,SE,2017,Escape,Ford
1FMCU9GD0HUD88037,SE,2017,Escape,Ford
1FMCU0F78HUD79013,S,2017,Escape,Ford
1FMCU9GD3HUC90507,SE,2017,Escape,Ford
1FMCU9J90HUD46777,Titanium,2017,Escape,Ford
1FMCU9J91LUB46239,Titanium,2020,Escape,Ford
1FMCU0GD7HUA30512,SE,2017,Escape,Ford
1FMCU9G65LUA17580,SE,2020,Escape,Ford
1FMCU9J96KUB13784,Titanium,2019,Escape,Ford
1FMCU9J91JUB64656,Titanium,2018,Escape,Ford
1FMCU0F70HUC36394,S,2017,Escape,Ford
1FMCU9J92HUA66696,Titanium,2017,Escape,Ford
1FMCU9G98HUB63702,SE,2017,Escape,Ford
1FMCU9GD3HUE99665,SE,2017,Escape,Ford
1FMCU9HD8KUC15856,SEL,2019,Escape,Ford
1FMCU9GD3JUB00629,SE,2018,Escape,Ford
1FMCU9H99KUB68137,SEL,2019,Escape,Ford
1FMCU9H91JUC23405,SEL,2018,Escape,Ford
1FMCU0GD9HUE80260,SE,2017,Escape,Ford
1FMCU9G67LUA42335,SE,2020,Escape,Ford
1FMCU9J9XJUA25982,Titanium,2018,Escape,Ford
1FMCU9J93HUA06314,Titanium,2017,Escape,Ford
1FMCU9J97HUA97197,Titanium,2017,Escape,Ford
1FMCU9GD4HUB93042,SE,2017,Escape,Ford
1FMCU9H94JUC23401,SEL,2018,Escape,Ford
1FMCU9GD0HUA85680,SE,2017,Escape,Ford
1FMCU9J94HUA66781,Titanium,2017,Escape,Ford
1FMCU9G94HUA70403,SE,2017,Escape,Ford
1FMCU9J93HUE60093,Titanium,2017,Escape,Ford
1FMCU9G95HUA97190,SE,2017,Escape,Ford
1FMCU0GD8HUB10918,SE,2017,Escape,Ford
1FMCU9HD0KUC40850,SEL,2019,Escape,Ford
1FMCU9GD1HUD22788,SE,2017,Escape,Ford
1FMCU9J98HUA34576,Titanium,2017,Escape,Ford
1FMCU9G90HUC36366,SE,2017,Escape,Ford
1FMCU9G99HUC69429,SE,2017,Escape,Ford
1FMCU0F7XHUD22831,S,2017,Escape,Ford
1FMCU9H93KUC58920,SEL,2019,Escape,Ford
1FMCU9G98HUA55158,SE,2017,Escape,Ford
1FMCU9J99HUE26238,Titanium,2017,Escape,Ford
1FMCU9J99HUE60096,Titanium,2017,Escape,Ford
1FMCU9GD8HUE99662,SE,2017,Escape,Ford
1FMCU9J92JUC65172,Titanium,2018,Escape,Ford
1FMCU9HD0JUD52756,SEL,2018,Escape,Ford
1FMCU9G98HUA72106,SE,2017,Escape,Ford
1FMCU9HD4KUC40706,SEL,2019,Escape,Ford
1FMCU9H94JUB57416,SEL,2018,Escape,Ford
1FMCU9HD6JUC72118,SEL,2018,Escape,Ford
1FMCU9J92HUA05011,Titanium,2017,Escape,Ford
1FMCU9GD9JUD39778,SE,2018,Escape,Ford
1FMCU9GD8KUA83182,SE,2019,Escape,Ford
1FMCU9GD0JUD10489,SE,2018,Escape,Ford
1FMCU9G91HUB47423,SE,2017,Escape,Ford
1FMCU9G90HUE99666,SE,2017,Escape,Ford
1FMCU9J94JUA13097,Titanium,2018,Escape,Ford
1FMCU9J99HUE60101,Titanium,2017,Escape,Ford
1FMCU9J91HUD88505,Titanium,2017,Escape,Ford
1FMCU9GDXKUA82759,SE,2019,Escape,Ford
1FMCU9J90JUB57469,Titanium,2018,Escape,Ford
1FMCU9H60LUB35180,SEL,2020,Escape,Ford
1FMCU9J94LUA17587,Titanium,2020,Escape,Ford
1FMCU9J94HUA55893,Titanium,2017,Escape,Ford
1FMCU0GD8JUB88881,SE,2018,Escape,Ford
1FMCU0GD2KUA82847,SE,2019,Escape,Ford
1FMCU9G91HUB63704,SE,2017,Escape,Ford
1FMCU9GD2HUD22783,SE,2017,Escape,Ford
1FMCU9J96HUD88466,Titanium,2017,Escape,Ford
1FMCU9GD8HUB16819,SE,2017,Escape,Ford
1FMCU0F79JUB32511,S,2018,Escape,Ford
1FMCU9H9XKUB89949,SEL,2019,Escape,Ford
1FMCU9GD5JUC52203,SE,2018,Escape,Ford
1FMCU9J95LUA42353,Titanium,2020,Escape,Ford
1FMCU9J98HUA06311,Titanium,2017,Escape,Ford
1FMCU9G95HUE60023,SE,2017,Escape,Ford
1FMCU9GD1HUA06307,SE,2017,Escape,Ford
1FMCU9GD9JUB31934,SE,2018,Escape,Ford
1FMCU0GD5HUA30511,SE,2017,Escape,Ford
1FMCU9GD2HUB24155,SE,2017,Escape,Ford
1FMCU9G9XFUA70967,SE,2015,Escape,Ford
1FMCU9J98JUD32096,Titanium,2018,Escape,Ford
1FMCU9GD9HUB32771,SE,2017,Escape,Ford
1FMCU9GD7JUC15251,SE,2018,Escape,Ford
1FMCU9J9XHUE27110,Titanium,2017,Escape,Ford
1FMCU9HD3JUC81150,SEL,2018,Escape,Ford
1FMCU9GD9HUC40016,SE,2017,Escape,Ford
1FMCU9J9XHUA04981,Titanium,2017,Escape,Ford
1FMCU9HD8JUC63890,SEL,2018,Escape,Ford
1FMCU9H93LUB35183,SEL,2020,Escape,Ford
1FMCU9H96KUC40847,SEL,2019,Escape,Ford
1FMCU9HD1KUB37579,SEL,2019,Escape,Ford
1FMCU9GDXJUB57362,SE,2018,Escape,Ford
1FMCU0GD3HUA30510,SE,2017,Escape,Ford
1FMCU9J91HUA34578,Titanium,2017,Escape,Ford
1FMCU9G62LUB27440,SE,2020,Escape,Ford
1FMCU9GD8JUB64486,SE,2018,Escape,Ford
1FMCU9J9XHUA85688,Titanium,2017,Escape,Ford
1FMCU9GD7JUD10490,SE,2018,Escape,Ford
1FMCU9GD3HUA72101,SE,2017,Escape,Ford
1FMCU9GD8JUB00013,SE,2018,Escape,Ford
1FMCU9H65LUA86932,SEL,2020,Escape,Ford
1FMCU0GD4HUD68823,SE,2017,Escape,Ford
1FMCU9J94HUB54830,Titanium,2017,Escape,Ford
1FMCU9GD9JUC52205,SE,2018,Escape,Ford
1FMCU9GD6KUB15255,SE,2019,Escape,Ford
1FMCU9J90HUE60102,Titanium,2017,Escape,Ford
1FMCU9J96HUC90344,Titanium,2017,Escape,Ford
1FMCU9GD0KUB68923,SE,2019,Escape,Ford
1FMCU9GD5HUA41772,SE,2017,Escape,Ford
1FMCU9HD4JUC72120,SEL,2018,Escape,Ford
1FMCU9GD3HUB24701,SE,2017,Escape,Ford
1FMCU9J94JUC21612,Titanium,2018,Escape,Ford
1FMCU9H96KUB68225,SEL,2019,Escape,Ford
1FMCU9H99KUC40857,SEL,2019,Escape,Ford
1FMCU9J99JUC82485,Titanium,2018,Escape,Ford
1FMCU9J98JUA76641,Titanium,2018,Escape,Ford
1FMCU9J9XJUC93141,Titanium,2018,Escape,Ford
1FMCU9GDXHUB07278,SE,2017,Escape,Ford
1FMCU9G9XHUC15685,SE,2017,Escape,Ford
1FMCU9G66LUB27439,SE,2020,Escape,Ford
1FMCU9GD1JUB57377,SE,2018,Escape,Ford
1FMCU0GD4HUA34601,SE,2017,Escape,Ford
1FMCU9J91HUE18764,Titanium,2017,Escape,Ford
1FMCU0GD2HUA17196,SE,2017,Escape,Ford
1FMCU9J93JUB56719,Titanium,2018,Escape,Ford
1FMCU9G91HUD22849,SE,2017,Escape,Ford
1FMCU9GD9HUD79952,SE,2017,Escape,Ford
1FMCU9G96HUA72105,SE,2017,Escape,Ford
1FMCU9GD5JUD23934,SE,2018,Escape,Ford
1FMCU9GD0HUD89592,SE,2017,Escape,Ford
1FMCU9GD6HUB31691,SE,2017,Escape,Ford
1FMCU9GD2JUC81173,SE,2018,Escape,Ford
1FMCU9H95JUC15257,SEL,2018,Escape,Ford
1FMCU9GDXHUA06306,SE,2017,Escape,Ford
1FMCU9J96JUC42221,Titanium,2018,Escape,Ford
1FMCU9GD8HUB93027,SE,2017,Escape,Ford
1FMCU9GD0HUE19223,SE,2017,Escape,Ford
1FMCU9G93HUD31679,SE,2017,Escape,Ford
1FMCU9GDXKUB15341,SE,2019,Escape,Ford
1FMCU9GD0HUB18192,SE,2017,Escape,Ford
1FMCU9GD9HUB24752,SE,2017,Escape,Ford
1FMCU9H90KUB08215,SEL,2019,Escape,Ford
1FMCU9GD7HUA00849,SE,2017,Escape,Ford
1FMCU9HD8KUC38022,SEL,2019,Escape,Ford
1FMCU9GD5HUE60091,SE,2017,Escape,Ford
1FMCU9GD2HUB84145,SE,2017,Escape,Ford
1FMCU9G91HUD13178,SE,2017,Escape,Ford
1FMCU9G66LUB21155,SE,2020,Escape,Ford
1FMCU9GD4JUB90972,SE,2018,Escape,Ford
1FMCU9G6XLUA87964,SE,2020,Escape,Ford
1FMCU0F77HUE99658,S,2017,Escape,Ford
1FMCU9HD8KUB40723,SEL,2019,Escape,Ford
1FMCU9J99HUE80302,Titanium,2017,Escape,Ford
1FMCU9G91HUE60214,SE,2017,Escape,Ford
1FMCU9J96JUC64655,Titanium,2018,Escape,Ford
1FMCU9H94LUA17577,SEL,2020,Escape,Ford
1FMCU9FD7HUB93098,S,2017,Escape,Ford
1FMCU9GD5HUD97123,SE,2017,Escape,Ford
1FMCU9GD7HUB24006,SE,2017,Escape,Ford
1FMCU9DZ1LUA60604,Titanium Hybrid,2020,Escape,Ford
1FMCU9G96HUB62788,SE,2017,Escape,Ford
1FMCU9J91KUC38630,Titanium,2019,Escape,Ford
1FMCU9GD7JUC97255,SE,2018,Escape,Ford
1FMCU9G93HUC56692,SE,2017,Escape,Ford
1FMCU9J97JUA13935,Titanium,2018,Escape,Ford
1FMCU9G94HUA66884,SE,2017,Escape,Ford
1FMCU9J95JUB89043,Titanium,2018,Escape,Ford
1FMCU9GD0HUB24705,SE,2017,Escape,Ford
1FMCU9GD0JUB29781,SE,2018,Escape,Ford
1FMCU9G99HUA43195,SE,2017,Escape,Ford
1FMCU9J97JUC82484,Titanium,2018,Escape,Ford
1FMCU0F79HUA01430,S,2017,Escape,Ford
1FMCU9GD3HUE60090,SE,2017,Escape,Ford
1FMCU9G95HUA72175,SE,2017,Escape,Ford
1FMCU9GDXJUD10497,SE,2018,Escape,Ford
1FMCU9GD3HUB92416,SE,2017,Escape,Ford
1FMCU9HD7JUB64526,SEL,2018,Escape,Ford
1FMCU9H93JUC15256,SEL,2018,Escape,Ford
1FMCU9GD3KUB87918,SE,2019,Escape,Ford
1FMCU9GD9HUA66691,SE,2017,Escape,Ford
1FMCU9J97KUC13148,Titanium,2019,Escape,Ford
1FMCU9G91HUB68692,SE,2017,Escape,Ford
1FMCU0G68LUB75746,SE,2020,Escape,Ford
1FMCU9GD8JUC97247,SE,2018,Escape,Ford
1FMCU9J98LUB52152,Titanium,2020,Escape,Ford
1FMCU9GD4HUA70390,SE,2017,Escape,Ford
1FMCU0GD0HUA66672,SE,2017,Escape,Ford
1FMCU9GD0JUC15379,SE,2018,Escape,Ford
1FMCU0F77KUC11516,S,2019,Escape,Ford
1FMCU9GD6JUD24431,SE,2018,Escape,Ford
1FMCU9GD1HUD61591,SE,2017,Escape,Ford
1FMCU9G99HUA96320,SE,2017,Escape,Ford
1FMCU9GD6JUC93312,SE,2018,Escape,Ford
1FMCU9G9XHUB68691,SE,2017,Escape,Ford
1FMCU9G91HUB69941,SE,2017,Escape,Ford
1FMCU9G91HUA72108,SE,2017,Escape,Ford
1FMCU9G61LUB21127,SE,2020,Escape,Ford
1FMCU9GD9HUB18191,SE,2017,Escape,Ford
1FMCU9GX8DUB41739,SE,2013,Escape,Ford
1FMCU9G91HUB07360,SE,2017,Escape,Ford
1FMCU9G62LUA42341,SE,2020,Escape,Ford
1FMCU9J93HUA85709,Titanium,2017,Escape,Ford
1FMCU0F79KUB35801,S,2019,Escape,Ford
1FMCU9J97KUB15253,Titanium,2019,Escape,Ford
1FMCU9J99JUD24461,Titanium,2018,Escape,Ford
1FMCU9J94KUC40789,Titanium,2019,Escape,Ford
1FMCU9GD6HUC15686,SE,2017,Escape,Ford
1FMCU9GD5HUD46009,SE,2017,Escape,Ford
1FMCU9J98JUB91255,Titanium,2018,Escape,Ford
1FMCU9J92JUB91252,Titanium,2018,Escape,Ford
1FMCU9H69LUB33122,SEL,2020,Escape,Ford
1FMCU9GD1HUC05258,SE,2017,Escape,Ford
1FMCU9J98JUA67454,Titanium,2018,Escape,Ford
1FMCU9J98HUE80274,Titanium,2017,Escape,Ford
1FMCU0GD2HUE80259,SE,2017,Escape,Ford
1FMCU9J96HUA43163,Titanium,2017,Escape,Ford
1FMCU9GD2JUD10493,SE,2018,Escape,Ford
1FMCU9GD8HUE80268,SE,2017,Escape,Ford
1FMCU0GD4HUA30287,SE,2017,Escape,Ford
1FMCU9GD8JUB29995,SE,2018,Escape,Ford
1FMCU9GD6JUB90973,SE,2018,Escape,Ford
1FMCU0F75HUA43223,S,2017,Escape,Ford
1FMCU9GD2HUC89400,SE,2017,Escape,Ford
1FMCU9J94JUB64733,Titanium,2018,Escape,Ford
1FMCU9J99HUA04826,Titanium,2017,Escape,Ford
1FMCU9GD5HUA72102,SE,2017,Escape,Ford
1FMCU9G98HUC57045,SE,2017,Escape,Ford
1FMCU9GD1JUA00657,SE,2018,Escape,Ford
1FMCU9J91HUA34581,Titanium,2017,Escape,Ford
1FMCU9J93HUE19270,Titanium,2017,Escape,Ford
1FMCU9G99HUB10796,SE,2017,Escape,Ford
1FMCU9G92HUE41199,SE,2017,Escape,Ford
1FMCU9G93HUA72109,SE,2017,Escape,Ford
1FMCU0GD9HUE80257,SE,2017,Escape,Ford
1FMCU9J92HUA43371,Titanium,2017,Escape,Ford
1FMCU9H95LUB27442,SEL,2020,Escape,Ford
1FMCU9GDXHUC04951,SE,2017,Escape,Ford
1FMCU9HD8KUB13845,SEL,2019,Escape,Ford
1FMCU0G97HUE18772,SE,2017,Escape,Ford
1FMCU9GD0HUB18189,SE,2017,Escape,Ford
1FMCU9J99HUD87439,Titanium,2017,Escape,Ford
1FMCU0GD1HUE57880,SE,2017,Escape,Ford
1FMCU9GD3KUC12395,SE,2019,Escape,Ford
1FMCU9J95HUE60094,Titanium,2017,Escape,Ford
1FMCU9GDXHUB18331,SE,2017,Escape,Ford
1FMCU9J9XHUA34580,Titanium,2017,Escape,Ford
1FMCU9HD6JUB31937,SEL,2018,Escape,Ford
1FMCU0GD0HUE80258,SE,2017,Escape,Ford
1FMCU9H9XKUC15854,SEL,2019,Escape,Ford
1FMCU9J93HUD97920,Titanium,2017,Escape,Ford
1FMCU9GD3HUA97189,SE,2017,Escape,Ford
1FMCU9G94HUB62787,SE,2017,Escape,Ford
1FMCU9H94KUB35787,SEL,2019,Escape,Ford
1FMCU9GD5HUB24702,SE,2017,Escape,Ford
1FMCU9G97HUC69428,SE,2017,Escape,Ford
1FMCU0GD5HUA67039,SE,2017,Escape,Ford
1FMCU9GD3JUB57364,SE,2018,Escape,Ford
1FMCU9GD0JUA87418,SE,2018,Escape,Ford
1FMCU9GD0JUA05820,SE,2018,Escape,Ford
1FMCU9J97HUA65284,Titanium,2017,Escape,Ford
1FMCU9GD5JUB77910,SE,2018,Escape,Ford
1FMCU9J95KUB37574,Titanium,2019,Escape,Ford
1FMCU9GDXHUD22112,SE,2017,Escape,Ford
1FMCU9G91HUB32775,SE,2017,Escape,Ford
1FMCU9J92JUD10501,Titanium,2018,Escape,Ford
1FMCU9DZ8LUB21124,Titanium Hybrid,2020,Escape,Ford
1FMCU9G90HUD61593,SE,2017,Escape,Ford
1FMCU9H96LUB35162,SEL,2020,Escape,Ford
1FMCU9J90HUA96330,Titanium,2017,Escape,Ford
1FMCU9J91HUD13660,Titanium,2017,Escape,Ford
1FMCU9G93HUA43192,SE,2017,Escape,Ford
1FMCU0F70HUE80255,S,2017,Escape,Ford
1FMCU0G94HUB69962,SE,2017,Escape,Ford
1FMCU9GD2JUB90968,SE,2018,Escape,Ford
1FMCU9GD8HUA72272,SE,2017,Escape,Ford
1FMCU9G9XHUD21991,SE,2017,Escape,Ford
1FMCU9GD5HUA01482,SE,2017,Escape,Ford
1FMCU9G9XHUC99765,SE,2017,Escape,Ford
1FMCU9GD6KUA43294,SE,2019,Escape,Ford
1FMCU9GD4JUC95625,SE,2018,Escape,Ford
1FMCU9GD5JUC93284,SE,2018,Escape,Ford
1FMCU9HD8JUC52209,SEL,2018,Escape,Ford
1FMCU9J92HUD79862,Titanium,2017,Escape,Ford
1FMCU9J95JUB49853,Titanium,2018,Escape,Ford
1FMCU0GD5HUB10925,SE,2017,Escape,Ford
1FMCU9HD8JUB31941,SEL,2018,Escape,Ford
1FMCU9H63LUA42346,SEL,2020,Escape,Ford
1FMCU9GD6JUD10495,SE,2018,Escape,Ford
1FMCU9J95HUD97921,Titanium,2017,Escape,Ford
1FMCU9GD0HUE80264,SE,2017,Escape,Ford
1FMCU9GD2HUC15006,SE,2017,Escape,Ford
1FMCU0F74JUA05732,S,2018,Escape,Ford
1FMCU9J94HUB18202,Titanium,2017,Escape,Ford
1FMCU9H92KUB35786,SEL,2019,Escape,Ford
1FMCU0GD7HUD61476,SE,2017,Escape,Ford
1FMCU9GD5HUD31803,SE,2017,Escape,Ford
1FMCU9GD2KUB39794,SE,2019,Escape,Ford
1FMCU9GDXJUC42184,SE,2018,Escape,Ford
1FMCU9GD5KUB70313,SE,2019,Escape,Ford
1FMCU9J96HUB18380,Titanium,2017,Escape,Ford
1FMCU9J90HUD00804,Titanium,2017,Escape,Ford
1FMCU9GD8HUE99659,SE,2017,Escape,Ford
1FMCU9J95HUA04905,Titanium,2017,Escape,Ford
1FMCU9HD7KUC58889,SEL,2019,Escape,Ford
1FMCU9H61LUA42345,SEL,2020,Escape,Ford
1FMCU0HD4KUC55962,SEL,2019,Escape,Ford
1FMCU0F75HUA43187,S,2017,Escape,Ford
1FMCU9H63LUA17575,SEL,2020,Escape,Ford
1FMCU9J96JUC64493,Titanium,2018,Escape,Ford
1FMCU9G93HUE19342,SE,2017,Escape,Ford
1FMCU9J92KUC36711,Titanium,2019,Escape,Ford
1FMCU9GD8JUD24432,SE,2018,Escape,Ford
1FMCU9H98JUB47410,SEL,2018,Escape,Ford
1FMCU0F73HUA01455,S,2017,Escape,Ford
1FMCU9J91JUD52299,Titanium,2018,Escape,Ford
1FMCU9J93HUD68840,Titanium,2017,Escape,Ford
1FMCU9G93HUD70000,SE,2017,Escape,Ford
1FMCU9GD7HUE19266,SE,2017,Escape,Ford
1FMCU9GD0KUB73054,SE,2019,Escape,Ford
1FMCU9GD3HUD00808,SE,2017,Escape,Ford
1FMCU9GD2HUB24771,SE,2017,Escape,Ford
1FMCU9J92JUC15260,Titanium,2018,Escape,Ford
1FMCU9G94HUC14936,SE,2017,Escape,Ford
1FMCU9G95HUC99768,SE,2017,Escape,Ford
1FMCU9H92LUB35160,SEL,2020,Escape,Ford
1FMCU9G97HUA97191,SE,2017,Escape,Ford
1FMCU9J99HUD88008,Titanium,2017,Escape,Ford
1FMCU9GD5HUA06309,SE,2017,Escape,Ford
1FMCU0GD4HUD88828,SE,2017,Escape,Ford
1FMCU9GD8HUC29248,SE,2017,Escape,Ford
1FMCU9G97HUB18234,SE,2017,Escape,Ford
1FMCU0GD3JUB88870,SE,2018,Escape,Ford
1FMCU0F7XHUD79837,S,2017,Escape,Ford
1FMCU9GDXKUB87916,SE,2019,Escape,Ford
1FMCU9J95HUA97196,Titanium,2017,Escape,Ford
1FMCU9J9XKUC12401,Titanium,2019,Escape,Ford
1FMCU9J92HUC15687,Titanium,2017,Escape,Ford
1FMCU9J94KUB13783,Titanium,2019,Escape,Ford
1FMCU9G95HUD46670,SE,2017,Escape,Ford
1FMCU0HD9KUB87285,SEL,2019,Escape,Ford
1FMCU9GD8JUC97250,SE,2018,Escape,Ford
1FMCU9J93HUD69969,Titanium,2017,Escape,Ford
1FMCU0F79HUD97858,S,2017,Escape,Ford
1FMCU9J96JUD45591,Titanium,2018,Escape,Ford
1FMCU9GD3JUD10499,SE,2018,Escape,Ford
1FMCU9H93KUB90151,SEL,2019,Escape,Ford
1FMCU9J90JUC82486,Titanium,2018,Escape,Ford
1FMCU9GD8KUB17055,SE,2019,Escape,Ford
1FMCU9J99HUA43240,Titanium,2017,Escape,Ford
1FMCU9J98HUD61107,Titanium,2017,Escape,Ford
1FMCU9GD6JUD31248,SE,2018,Escape,Ford
1FMCU9GD2JUC97230,SE,2018,Escape,Ford
1FMCU9J91JUA76609,Titanium,2018,Escape,Ford
1FMCU9G91HUB61984,SE,2017,Escape,Ford
1FMCU0F71HUB10786,S,2017,Escape,Ford
1FMCU0GD7HUE80256,SE,2017,Escape,Ford
1FMCU9J94JUD10502,Titanium,2018,Escape,Ford
1FMCU9G90HUB32668,SE,2017,Escape,Ford
1FMCU9GD5JUC52198,SE,2018,Escape,Ford
1FMCU9HD2KUB40720,SEL,2019,Escape,Ford
1FMCU9G90HUC82893,SE,2017,Escape,Ford
1FMCU9J95HUD97918,Titanium,2017,Escape,Ford
1FMCU9HDXJUB90974,SEL,2018,Escape,Ford
1FMCU9G98HUB68690,SE,2017,Escape,Ford
1FMCU9GD2JUC50926,SE,2018,Escape,Ford
1FMCU9GDXHUD62870,SE,2017,Escape,Ford
1FMCU9GD3HUC04953,SE,2017,Escape,Ford
1FMCU9J96HUA85686,Titanium,2017,Escape,Ford
1FMCU9HD7JUB90978,SEL,2018,Escape,Ford
1FMCU9HD9JUC82478,SEL,2018,Escape,Ford
1FMCU9J90HUA33857,Titanium,2017,Escape,Ford
1FMCU9DZ2LUB35164,Titanium Hybrid,2020,Escape,Ford
1FMCU0GD8HUB10790,SE,2017,Escape,Ford
1FMCU9GD9HUA97195,SE,2017,Escape,Ford
1FMCU9G65LUA60607,SE,2020,Escape,Ford
1FMCU9G95HUA72094,SE,2017,Escape,Ford
1FMCU9GD9HUE80263,SE,2017,Escape,Ford
1FMCU9GD0HUA66692,SE,2017,Escape,Ford
1FMCU9H91JUC15255,SEL,2018,Escape,Ford
1FMCU9GD1HUB32778,SE,2017,Escape,Ford
1FMCU9GD4HUB54841,SE,2017,Escape,Ford
1FMCU9GD6KUC10625,SE,2019,Escape,Ford
1FMCU9J94JUA58931,Titanium,2018,Escape,Ford
1FMCU9GDXJUA05758,SE,2018,Escape,Ford
1FMCU9GD3JUC52202,SE,2018,Escape,Ford
1FMCU9HD3JUB64524,SEL,2018,Escape,Ford
1FMCU9GDXKUC12426,SE,2019,Escape,Ford
1FMCU9G97HUD79847,SE,2017,Escape,Ford
1FMCU9J93JUC42838,Titanium,2018,Escape,Ford
1FMCU9G90HUE41251,SE,2017,Escape,Ford
1FMCU9DZ7LUA87984,Titanium Hybrid,2020,Escape,Ford
1FMCU0F73HUA43186,S,2017,Escape,Ford
1FMCU9G91HUC69425,SE,2017,Escape,Ford
1FMCU9G67LUA17581,SE,2020,Escape,Ford
1FMCU9H69LUA42352,SEL,2020,Escape,Ford
1FMCU9J92JUC64412,Titanium,2018,Escape,Ford
1FMCU9HD4JUC96045,SEL,2018,Escape,Ford
1FMCU9G95HUA43193,SE,2017,Escape,Ford
1FMCU9GD2HUE80265,SE,2017,Escape,Ford
1FMCU9GD9HUA17197,SE,2017,Escape,Ford
1FMCU9H98JUC23403,SEL,2018,Escape,Ford
1FMCU9GD3JUB17673,SE,2018,Escape,Ford
1FMCU9J90LUC00369,Titanium,2020,Escape,Ford
1FMCU9J99KUB73056,Titanium,2019,Escape,Ford
1FMCU9GD8HUD89033,SE,2017,Escape,Ford
1FMCU9GD3HUD62743,SE,2017,Escape,Ford
1FMCU9GD8HUB07277,SE,2017,Escape,Ford
1FMCU9DZ8LUA60602,Titanium Hybrid,2020,Escape,Ford
1FMCU9H9XKUB40721,SEL,2019,Escape,Ford
1FMCU9HD9KUB35062,SEL,2019,Escape,Ford
1FMCU9J95JUD45582,Titanium,2018,Escape,Ford
1FMCU9J90HUB18360,Titanium,2017,Escape,Ford
1FMCU9GD9JUC15252,SE,2018,Escape,Ford
1FMCU9G95HUB63706,SE,2017,Escape,Ford
1FMCU0GDXHUA01537,SE,2017,Escape,Ford
1FMCU9HD7KUB89377,SEL,2019,Escape,Ford
1FMCU9GD1HUA01463,SE,2017,Escape,Ford
1FMCU9J93HUB84191,Titanium,2017,Escape,Ford
1FMCU9J91KUB37572,Titanium,2019,Escape,Ford
1FMCU9G93HUC99767,SE,2017,Escape,Ford
1FMCU9J96HUB47426,Titanium,2017,Escape,Ford
1FMCU9GD6JUC93133,SE,2018,Escape,Ford
1FMCU0F77JUB32510,S,2018,Escape,Ford
1FMCU9J94HUA33862,Titanium,2017,Escape,Ford
1FMCU0GD0HUA30514,SE,2017,Escape,Ford
1FMCU9GD9JUB32517,SE,2018,Escape,Ford
1FMCU9J93HUD62746,Titanium,2017,Escape,Ford
1FMCU0F73HUD69960,S,2017,Escape,Ford
1FMCU9J92JUA87358,Titanium,2018,Escape,Ford
1FMCU9G94HUC40324,SE,2017,Escape,Ford
1FMCU9J96LUB52151,Titanium,2020,Escape,Ford
1FMCU9J9XHUA04799,Titanium,2017,Escape,Ford
1FMCU9J96KUB15261,Titanium,2019,Escape,Ford
1FMCU9GD7JUD39777,SE,2018,Escape,Ford
1FMCU9J98HUA84829,Titanium,2017,Escape,Ford
1FMCU9FD2HUE26580,S,2017,Escape,Ford
1FMCU9J96HUA34575,Titanium,2017,Escape,Ford
1FMCU9J94JUB29996,Titanium,2018,Escape,Ford
1FMCU9G97HUC69543,SE,2017,Escape,Ford
1FMCU9J92HUA34654,Titanium,2017,Escape,Ford
1FMCU9GD1KUC38610,SE,2019,Escape,Ford
1FMCU9GDXKUC11518,SE,2019,Escape,Ford
1FMCU9J9XLUB52153,Titanium,2020,Escape,Ford
1FMCU9G98HUA17199,SE,2017,Escape,Ford
1FMCU9H97LUB35784,SEL,2020,Escape,Ford
1FMCU9H92KUC58312,SEL,2019,Escape,Ford
1FMCU9G92HUB63064,SE,2017,Escape,Ford
1FMCU9G90HUB63063,SE,2017,Escape,Ford
1FMCU9GDXHUB54262,SE,2017,Escape,Ford
1FMCU9HD7JUB89491,SEL,2018,Escape,Ford
1FMCU0GD1HUC15056,SE,2017,Escape,Ford
1FMCU9GD8JUA13843,SE,2018,Escape,Ford
1FMCU9G97HUB63707,SE,2017,Escape,Ford
1FMCU9J95HUD62750,Titanium,2017,Escape,Ford
1FMCU9G90HUA96321,SE,2017,Escape,Ford
1FMCU9G94HUA72104,SE,2017,Escape,Ford
1FMCU9J95LUA87955,Titanium,2020,Escape,Ford
1FMCU9J97HUA34584,Titanium,2017,Escape,Ford
1FMCU9GD2HUE77978,SE,2017,Escape,Ford
1FMCU9G92HUE10938,SE,2017,Escape,Ford
1FMCU9GD8HUB10969,SE,2017,Escape,Ford
1FMCU9J97HUE60095,Titanium,2017,Escape,Ford
1FMCU9J95HUA43199,Titanium,2017,Escape,Ford
1FMCU0F77JUA05756,S,2018,Escape,Ford
1FMCU9HD8KUB38549,SEL,2019,Escape,Ford
1FMCU9H95LUA42357,SEL,2020,Escape,Ford
1FMCU9J91HUA70402,Titanium,2017,Escape,Ford
1FMCU0GD7HUB92205,SE,2017,Escape,Ford
1FMCU9J91HUA34645,Titanium,2017,Escape,Ford
1FMCU9GD0JUD31892,SE,2018,Escape,Ford
1FMCU9H9XKUB17052,SEL,2019,Escape,Ford
1FMCU9J96HUC29088,Titanium,2017,Escape,Ford
1FMCU9J92HUA01461,Titanium,2017,Escape,Ford
1FMCU9GD1KUB72396,SE,2019,Escape,Ford
1FMCU9GD1HUE80290,SE,2017,Escape,Ford
1FMCU9HD4KUB70317,SEL,2019,Escape,Ford
1FMCU9J9XKUB15313,Titanium,2019,Escape,Ford
1FMCU9G90HUE41198,SE,2017,Escape,Ford
1FMCU9G65LUA01430,SE,2020,Escape,Ford
1FMCU9GD8HUA85684,SE,2017,Escape,Ford
1FMCU9GD8JUC95529,SE,2018,Escape,Ford
1FMCU9J92KUB13782,Titanium,2019,Escape,Ford
1FMCU9GD9JUD10491,SE,2018,Escape,Ford
1FMCU9G66LUA17572,SE,2020,Escape,Ford
1FMCU9HD7KUA43299,SEL,2019,Escape,Ford
1FMCU9J94KUC38654,Titanium,2019,Escape,Ford
1FMCU9GD3KUC10629,SE,2019,Escape,Ford
1FMCU9HD4JUA37698,SEL,2018,Escape,Ford
1FMCU9J97HUD97919,Titanium,2017,Escape,Ford
1FMCU9GD1KUB70308,SE,2019,Escape,Ford
1FMCU9G95HUC29607,SE,2017,Escape,Ford
1FMCU0F79HUC05256,S,2017,Escape,Ford
1FMCU9HD1JUC65626,SEL,2018,Escape,Ford
1FMCU9G93HUE57914,SE,2017,Escape,Ford
1FMCU9J9XKUB37571,Titanium,2019,Escape,Ford
1FMCU9J96HUA01477,Titanium,2017,Escape,Ford
1FMCU9HD2JUA12864,SEL,2018,Escape,Ford
1FMCU0GD2HUE60089,SE,2017,Escape,Ford
1FMCU9GD3HUA06423,SE,2017,Escape,Ford
1FMCU9J93HUC99776,Titanium,2017,Escape,Ford
1FMCU9GD6HUE99661,SE,2017,Escape,Ford
1FMCU9G92HUD79965,SE,2017,Escape,Ford
1FMCU9J90JUB77754,Titanium,2018,Escape,Ford
1FMCU0GD3HUA06305,SE,2017,Escape,Ford
1FMCU9GD7HUD97916,SE,2017,Escape,Ford
1FMCU9GD2JUC52417,SE,2018,Escape,Ford
1FMCU9GD1JUD10498,SE,2018,Escape,Ford
1FMCU0GD3HUA72112,SE,2017,Escape,Ford
1FMCU9J91KUC15865,Titanium,2019,Escape,Ford
1FMCU9HD7JUB57544,SEL,2018,Escape,Ford
1FMCU9G97HUD13184,SE,2017,Escape,Ford
1FMCU0F70HUC82887,S,2017,Escape,Ford
1FMCU9GD3HUC69432,SE,2017,Escape,Ford
1FMCU0GD9HUE57948,SE,2017,Escape,Ford
1FMCU9GD5KUC15878,SE,2019,Escape,Ford
1FMCU9GD2HUB93041,SE,2017,Escape,Ford
1FMCU9G62LUA13065,SE,2020,Escape,Ford
1FMCU9G93HUC40329,SE,2017,Escape,Ford
1FMCU9J94KUA83183,Titanium,2019,Escape,Ford
1FMCU9J9XHUC82585,Titanium,2017,Escape,Ford
1FMCU9J95HUC69615,Titanium,2017,Escape,Ford
1FMCU9J97KUB17181,Titanium,2019,Escape,Ford
1FMCU9H68LUA42343,SEL,2020,Escape,Ford
1FMCU9GD7HUA72103,SE,2017,Escape,Ford
1FMCU9H92LUA42350,SEL,2020,Escape,Ford
1FMCU9G99HUB84204,SE,2017,Escape,Ford
1FMCU9GD9JUB63217,SE,2018,Escape,Ford
1FMCU0GD6HUB10920,SE,2017,Escape,Ford
1FMCU9GD3KUB87921,SE,2019,Escape,Ford
1FMCU9HDXKUC11520,SEL,2019,Escape,Ford
1FMCU9GDXJUB17976,SE,2018,Escape,Ford
1FMCU9GD9HUE18782,SE,2017,Escape,Ford
1FMCU9G95HUC69430,SE,2017,Escape,Ford
1FMCU9J91KUB71933,Titanium,2019,Escape,Ford
1FMCU9HDXJUC81162,SEL,2018,Escape,Ford
1FMCU9J99KUB71341,Titanium,2019,Escape,Ford
1FMCU9GD6HUA55888,SE,2017,Escape,Ford
1FMCU9J96HUE60105,Titanium,2017,Escape,Ford
1FMCU9J97HUD31757,Titanium,2017,Escape,Ford
1FMCU9G95HUD55238,SE,2017,Escape,Ford
1FMCU9J96KUA83184,Titanium,2019,Escape,Ford
1FMCU9GD3KUB12653,SE,2019,Escape,Ford
1FMCU9GD0HUB10884,SE,2017,Escape,Ford
1FMCU9HD8JUB88463,SEL,2018,Escape,Ford
1FMCU9GD0JUD32444,SE,2018,Escape,Ford
1FMCU9GD7KUB70314,SE,2019,Escape,Ford
1FMCU9J94HUE60099,Titanium,2017,Escape,Ford
1FMCU9G96HUD79032,SE,2017,Escape,Ford
1FMCU9GD4JUC15384,SE,2018,Escape,Ford
1FMCU9GD7HUE18781,SE,2017,Escape,Ford
1FMCU9J9XLUB76520,Titanium,2020,Escape,Ford
1FMCU9J98JUB90932,Titanium,2018,Escape,Ford
1FMCU9G68LUA16410,SE,2020,Escape,Ford
1FMCU9GD1HUD46671,SE,2017,Escape,Ford
1FMCU9J98HUD88646,Titanium,2017,Escape,Ford
1FMCU9FD6HUD62057,S,2017,Escape,Ford
1FMCU9G97HUC29608,SE,2017,Escape,Ford
1FMCU9GD0HUB93040,SE,2017,Escape,Ford
1FMCU0F73HUE80556,S,2017,Escape,Ford
1FMCU9GD2KUB40718,SE,2019,Escape,Ford
1FMCU9H91KUC38620,SEL,2019,Escape,Ford
1FMCU9J97HUD54892,Titanium,2017,Escape,Ford
1FMCU9GD1JUA05387,SE,2018,Escape,Ford
1FMCU5K3XBKA29689,Hybrid,2011,Escape,Ford
1FMCU9HD4KUB70320,SEL,2019,Escape,Ford
1FMCU9GD8HUB07392,SE,2017,Escape,Ford
1FMCU0GD1HUA01457,SE,2017,Escape,Ford
1FMCU9G61LUA87965,SE,2020,Escape,Ford
1FMCU9GD8HUB18196,SE,2017,Escape,Ford
1FMCU9GDXJUD09270,SE,2018,Escape,Ford
1FMCU9J93LUA60608,Titanium,2020,Escape,Ford
1FMCU9J90KUB72250,Titanium,2019,Escape,Ford
1FMCU9HD4KUC40852,SEL,2019,Escape,Ford
1FMCU9GD4KUA82787,SE,2019,Escape,Ford
1FMCU9HD3JUC97364,SEL,2018,Escape,Ford
1FMCU9H96KUB35788,SEL,2019,Escape,Ford
1FMCU9J96JUB32513,Titanium,2018,Escape,Ford
1FMCU9GD1JUC80709,SE,2018,Escape,Ford
1FMCU9G6XLUB31445,SE,2020,Escape,Ford
1FMCU9HD3KUB70325,SEL,2019,Escape,Ford
1FMCU9H90DUD27792,SEL,2013,Escape,Ford
1FMCU9GD9HUB69965,SE,2017,Escape,Ford
1FMCU9J9XHUA04947,Titanium,2017,Escape,Ford
1FMCU9H90JUC14176,SEL,2018,Escape,Ford
1FMCU9GD0HUD00815,SE,2017,Escape,Ford
1FMCU9H96JUC97659,SEL,2018,Escape,Ford
1FMCU9J96HUD21673,Titanium,2017,Escape,Ford
1FMCU9J99KUB15254,Titanium,2019,Escape,Ford
1FMCU9J91HUA43197,Titanium,2017,Escape,Ford
1FMCU9FD0HUB54823,S,2017,Escape,Ford
1FMCU9H6XLUB27443,SEL,2020,Escape,Ford
1FMCU9DZXLUA60603,Titanium Hybrid,2020,Escape,Ford
1FMCU0F73HUD79839,S,2017,Escape,Ford
1FMCU9HD1KUA43296,SEL,2019,Escape,Ford
1FMCU0F75HUE99657,S,2017,Escape,Ford
1FMCU9J94HUA04832,Titanium,2017,Escape,Ford
1FMCU9G96HUD00801,SE,2017,Escape,Ford
1FMCU9J95HUA06413,Titanium,2017,Escape,Ford
1FMCU9GD2JUA87386,SE,2018,Escape,Ford
1FMCU9J90HUA05007,Titanium,2017,Escape,Ford
1FMCU9J93HUE27109,Titanium,2017,Escape,Ford
1FMCU9H96KUC41271,SEL,2019,Escape,Ford
1FMCU9G99HUD22369,SE,2017,Escape,Ford
1FMCU9DZ0LUB50777,Titanium Hybrid,2020,Escape,Ford
1FMCU9GD0HUA55885,SE,2017,Escape,Ford
1FMCU9G96HUD46774,SE,2017,Escape,Ford
1FMCU9J93HUD46708,Titanium,2017,Escape,Ford
1FMCU9J95JUC64338,Titanium,2018,Escape,Ford
1FMCU9G62LUA42338,SE,2020,Escape,Ford
1FMCU9GD4JUD24430,SE,2018,Escape,Ford
1FMCU9J95HUA06315,Titanium,2017,Escape,Ford
1FMCU9J93JUB64528,Titanium,2018,Escape,Ford
1FMCU9GD3HUB63725,SE,2017,Escape,Ford
1FMCU9J91HUD30720,Titanium,2017,Escape,Ford
1FMCU9J97HUD60868,Titanium,2017,Escape,Ford
1FMCU0GD7JUC52232,SE,2018,Escape,Ford
1FMCU9J91HUA04769,Titanium,2017,Escape,Ford
1FMCU9HD1KUC10272,SEL,2019,Escape,Ford
1FMCU9J97HUA04923,Titanium,2017,Escape,Ford
1FMCU9GD9HUA06443,SE,2017,Escape,Ford
1FMCU9H96LUA02644,SEL,2020,Escape,Ford
1FMCU9J97HUE80296,Titanium,2017,Escape,Ford
1FMCU9GD2HUA00872,SE,2017,Escape,Ford
1FMCU9G60LUA87357,SE,2020,Escape,Ford
1FMCU9GD0HUD13659,SE,2017,Escape,Ford
1FMCU9GD1HUD61509,SE,2017,Escape,Ford
1FMCU9J90HUD22057,Titanium,2017,Escape,Ford
1FMCU0GD7HUA30509,SE,2017,Escape,Ford
1FMCU9G99HUB32779,SE,2017,Escape,Ford
1FMCU9GD4HUA65836,SE,2017,Escape,Ford
1FMCU0GD1JUD24428,SE,2018,Escape,Ford
1FMCU9J95LUA17579,Titanium,2020,Escape,Ford
1FMCU0GD0HUD68821,SE,2017,Escape,Ford
1FMCU9G62LUA17584,SE,2020,Escape,Ford
1FMCU9H9XLUA17566,SEL,2020,Escape,Ford
1FMCU9J91HUB09442,Titanium,2017,Escape,Ford
1FMCU9J98HUA06468,Titanium,2017,Escape,Ford
1FMCU9GD4JUC97245,SE,2018,Escape,Ford
1FMCU9G94HUD00800,SE,2017,Escape,Ford
1FMCU0GD0HUE77957,SE,2017,Escape,Ford
1FMCU9J99HUB10807,Titanium,2017,Escape,Ford
1FMCU9HD2KUB68128,SEL,2019,Escape,Ford
1FMCU9HD0JUA38346,SEL,2018,Escape,Ford
1FMCU9H67LUB33104,SEL,2020,Escape,Ford
1FMCU9DZ6LUB46281,Titanium Hybrid,2020,Escape,Ford
1FMCU9J93HUA84835,Titanium,2017,Escape,Ford
1FMCU9GD4HUA96326,SE,2017,Escape,Ford
1FMCU9GD9HUA66772,SE,2017,Escape,Ford
1FMCU9J93JUA59245,Titanium,2018,Escape,Ford
1FMCU9G95HUB09418,SE,2017,Escape,Ford
1FMCU9G95HUD62741,SE,2017,Escape,Ford
1FMCU9J98KUC38639,Titanium,2019,Escape,Ford
1FMCU9G97HUE80273,SE,2017,Escape,Ford
1FMCU9FD4HUE26581,S,2017,Escape,Ford
1FMCU9GDXJUC97248,SE,2018,Escape,Ford
1FMCU9FD5HUB47429,S,2017,Escape,Ford
1FMCU9H91JUC14168,SEL,2018,Escape,Ford
1FMCU9DZ4LUB35165,Titanium Hybrid,2020,Escape,Ford
1FMCU9GD1HUC04952,SE,2017,Escape,Ford
1FMCU0GD7HUC36364,SE,2017,Escape,Ford
1FMCU9HD5KUB15259,SEL,2019,Escape,Ford
1FMCU9GD3HUD61592,SE,2017,Escape,Ford
1FMCU9J9XHUA43196,Titanium,2017,Escape,Ford
1FMCU9GD0KUC11608,SE,2019,Escape,Ford
1FMCU9GD1JUA13845,SE,2018,Escape,Ford
1FMCU9J90JUD10500,Titanium,2018,Escape,Ford
1FMCU9HDXKUC40855,SEL,2019,Escape,Ford
1FMCU9H91KUB40719,SEL,2019,Escape,Ford
1FMCU9GD8KUC10626,SE,2019,Escape,Ford
1FMCU9GD1JUC97249,SE,2018,Escape,Ford
1FMCU0DG5CKA01173,XLT,2012,Escape,Ford
1FMCU9G94HUC57043,SE,2017,Escape,Ford
1FMCU9J95HUB10867,Titanium,2017,Escape,Ford
1FMCU9G99HUE40826,SE,2017,Escape,Ford
1FMCU9G95HUC69427,SE,2017,Escape,Ford
1FMCU9G95HUD89583,SE,2017,Escape,Ford
1FMCU9G9XHUB63703,SE,2017,Escape,Ford
1FMCU9GD5HUA72097,SE,2017,Escape,Ford
1FMCU9J91HUB10798,Titanium,2017,Escape,Ford
1FMCU9J95HUA70399,Titanium,2017,Escape,Ford
1FMCU9J93LUA17578,Titanium,2020,Escape,Ford
1FMCU9G97HUA06310,SE,2017,Escape,Ford
1FMCU9J92HUD88450,Titanium,2017,Escape,Ford
1FMCU9J94HUE60104,Titanium,2017,Escape,Ford
1FMCU9GD5HUC90086,SE,2017,Escape,Ford
1FMCU9GD5HUD97915,SE,2017,Escape,Ford
1FMCU9J92HUE41308,Titanium,2017,Escape,Ford
1FMCU9H91KUB17053,SEL,2019,Escape,Ford
1FMCU0GD1JUD31816,SE,2018,Escape,Ford
1FMCU9GD8JUD10496,SE,2018,Escape,Ford
1FMCU0GD8HUE26478,SE,2017,Escape,Ford
1FMCU9J95HUE19268,Titanium,2017,Escape,Ford
1FMCU9J99HUA97198,Titanium,2017,Escape,Ford
1FMCU9J94JUC72205,Titanium,2018,Escape,Ford
1FMCU9GD2JUB90971,SE,2018,Escape,Ford
1FMCU9HDXKUC15860,SEL,2019,Escape,Ford
1FMCU9G94HUE77976,SE,2017,Escape,Ford
1FMCU9J92HUD88464,Titanium,2017,Escape,Ford
1FMCU9GDXHUD22787,SE,2017,Escape,Ford
1FMCU9J94HUE41200,Titanium,2017,Escape,Ford
1FMCU9G90HUB63709,SE,2017,Escape,Ford
1FMCU9GD8HUA43189,SE,2017,Escape,Ford
1FMCU9J99HUA04955,Titanium,2017,Escape,Ford
1FMCU9GD5HUD62744,SE,2017,Escape,Ford
1FMCU9J9XHUA34577,Titanium,2017,Escape,Ford
1FMCU9GD6HUE80270,SE,2017,Escape,Ford
1FMCU9GD7HUB18187,SE,2017,Escape,Ford
1FMCU9G97HUD62742,SE,2017,Escape,Ford
1FMCU9GD1KUB70311,SE,2019,Escape,Ford
1FMCU9G96HUB16765,SE,2017,Escape,Ford
1FMCU9GD5HUB92417,SE,2017,Escape,Ford
1FMCU9GD3JUD09269,SE,2018,Escape,Ford
1FMCU9GD9JUD45581,SE,2018,Escape,Ford
1FMCU9HD7KUB69274,SEL,2019,Escape,Ford
1FMCU0GD4HUA66688,SE,2017,Escape,Ford
1FMCU9J94KUB39610,Titanium,2019,Escape,Ford
1FMCU9G96HUB32786,SE,2017,Escape,Ford
1FMCU9J95HUC39966,Titanium,2017,Escape,Ford
1FMCU0F78HUB32770,S,2017,Escape,Ford
1FMCU9GD9JUC15266,SE,2018,Escape,Ford
1FMCU9GD7JUC52199,SE,2018,Escape,Ford
1FMCU9J93JUA76305,Titanium,2018,Escape,Ford
1FMCU9GD5KUB87922,SE,2019,Escape,Ford
1FMCU9G97HUB10795,SE,2017,Escape,Ford
1FMCU9J98HUB63711,Titanium,2017,Escape,Ford
1FMCU9GD7HUB18190,SE,2017,Escape,Ford
1FMCU9GD4JUC93146,SE,2018,Escape,Ford
1FMCU9J93HUB63065,Titanium,2017,Escape,Ford
1FMCU9G92HUB07190,SE,2017,Escape,Ford
1FMCU9G9XHUA55890,SE,2017,Escape,Ford
1FMCU9G93HUB10793,SE,2017,Escape,Ford
1FMCU9H62LUB33107,SEL,2020,Escape,Ford
1FMCU9J98HUB18199,Titanium,2017,Escape,Ford
1FMCU9GD9HUB18188,SE,2017,Escape,Ford
1FMCU9GD8HUB70069,SE,2017,Escape,Ford
1FMCU9J90KUB89484,Titanium,2019,Escape,Ford
1FMCU9G96HUD00717,SE,2017,Escape,Ford
1FMCU9J90KUB38843,Titanium,2019,Escape,Ford
1FMCU9HD5JUC97219,SEL,2018,Escape,Ford
1FMCU9GD4JUD10494,SE,2018,Escape,Ford
1FMCU9G92HUE80407,SE,2017,Escape,Ford
1FMCU9GDXJUC52200,SE,2018,Escape,Ford
1FMCU9H61LUA17574,SEL,2020,Escape,Ford
1FMCU9HD3JUC65627,SEL,2018,Escape,Ford
1FMCU9GD6HUB07519,SE,2017,Escape,Ford
1FMCU9HD6JUB88445,SEL,2018,Escape,Ford
1FMCU0GD7HUC90537,SE,2017,Escape,Ford
1FMCU9J99KUC38634,Titanium,2019,Escape,Ford
1FMCU9GD1HUD00791,SE,2017,Escape,Ford
1FMCU9G93HUA43161,SE,2017,Escape,Ford
1FMCU0GD0HUD61500,SE,2017,Escape,Ford
1FMCU9H99LUA39154,SEL,2020,Escape,Ford
1FMCU9G97HUD13699,SE,2017,Escape,Ford
1FMCU0F72HUD89536,S,2017,Escape,Ford
1FMCU9GD6HUB10260,SE,2017,Escape,Ford
1FMCU93128KC22254,XLT,2008,Escape,Ford
1FMCU9J96HUB18198,Titanium,2017,Escape,Ford
1FMCU9HD1KUC15858,SEL,2019,Escape,Ford
1FMCU0F71KUB17163,S,2019,Escape,Ford
1FMCU9H96LUB35159,SEL,2020,Escape,Ford
1FMCU9G93HUA55889,SE,2017,Escape,Ford
1FMCU9GD9HUE19267,SE,2017,Escape,Ford
1FMCU9J94JUC15258,Titanium,2018,Escape,Ford
1FMCU9G93HUD62740,SE,2017,Escape,Ford
1FMCU9HD2JUC82483,SEL,2018,Escape,Ford
1FMCU9GD8JUB00657,SE,2018,Escape,Ford
1FMCU9HD2KUB89951,SEL,2019,Escape,Ford
1FMCU9G9XHUA66694,SE,2017,Escape,Ford
1FMCU9G95HUD13183,SE,2017,Escape,Ford
1FMCU9GD0KUB40717,SE,2019,Escape,Ford
1FMCU9GD8HUE80271,SE,2017,Escape,Ford
1FMCU9H90KUC40844,SEL,2019,Escape,Ford
1FMCU9J94HUE58403,Titanium,2017,Escape,Ford
1FMCU9G97HUE77972,SE,2017,Escape,Ford
1FMCU9G9XHUD00817,SE,2017,Escape,Ford
1FMCU9HD6KUB70318,SEL,2019,Escape,Ford
1FMCU9GD9HUA72099,SE,2017,Escape,Ford
1FMCU9GD6HUB18195,SE,2017,Escape,Ford
1FMCU9G97HUA72095,SE,2017,Escape,Ford
1FMCU9G93HUC15267,SE,2017,Escape,Ford
1FMCU9J94HUE10934,Titanium,2017,Escape,Ford
1FMCU9GD9JUB17872,SE,2018,Escape,Ford
1FMCU9GD4HUA85696,SE,2017,Escape,Ford
1FMCU9GD1KUC10628,SE,2019,Escape,Ford
1FMCU9J9XHUA06312,Titanium,2017,Escape,Ford
1FMCU0GD4HUE26476,SE,2017,Escape,Ford
1FMCU9GD5JUC50922,SE,2018,Escape,Ford
1FMCU9G91HUA43191,SE,2017,Escape,Ford
1FMCU9GD3JUA13846,SE,2018,Escape,Ford
1FMCU9GD2JUB29832,SE,2018,Escape,Ford
1FMCU9J91HUA04920,Titanium,2017,Escape,Ford
1FMCU9H64LUA41173,SEL,2020,Escape,Ford
1FMCU9GDXJUB00627,SE,2018,Escape,Ford
1FMCU9FD8HUD30727,S,2017,Escape,Ford
1FMCU9J9XHUD89538,Titanium,2017,Escape,Ford
1FMCU9J90HUD31681,Titanium,2017,Escape,Ford
1FMCU9GD8JUA87568,SE,2018,Escape,Ford
1FMCU9J93KUC38628,Titanium,2019,Escape,Ford
1FMCU9G99HUA97192,SE,2017,Escape,Ford
1FMCU9J93HUB70100,Titanium,2017,Escape,Ford
1FMCU9J99HUD88073,Titanium,2017,Escape,Ford
1FMCU9GDXHUE80269,SE,2017,Escape,Ford
1FMCU9GD2JUD32445,SE,2018,Escape,Ford
1FMCU9GD1JUC97252,SE,2018,Escape,Ford
1FMCU9GD5KUB87919,SE,2019,Escape,Ford
1FMCU9H67LUB33121,SEL,2020,Escape,Ford
1FMCU9J90HUE60097,Titanium,2017,Escape,Ford
1FMCU9H63LUA02641,SEL,2020,Escape,Ford
1FMCU9HD8KUC15873,SEL,2019,Escape,Ford
1FMCU9GD7KUB35854,SE,2019,Escape,Ford
1FMCU0GD5JUC52195,SE,2018,Escape,Ford
1FMCU9J98JUB47238,Titanium,2018,Escape,Ford
1FMCU9HD3JUC82623,SEL,2018,Escape,Ford
1FMCU9G92HUE27108,SE,2017,Escape,Ford
1FMCU9G93HUC69426,SE,2017,Escape,Ford
1FMCU9G9XHUD69961,SE,2017,Escape,Ford
1FMCU0F71HUA43185,S,2017,Escape,Ford
1FMCU9G95HUD79846,SE,2017,Escape,Ford
1FMCU9HD2JUC42808,SEL,2018,Escape,Ford
1FMCU9DZ3LUB46240,Titanium Hybrid,2020,Escape,Ford
1FMCU9DZ6LUB52291,Titanium Hybrid,2020,Escape,Ford
1FMCU9J97HUE60100,Titanium,2017,Escape,Ford
1FMCU9GDXHUB06843,SE,2017,Escape,Ford
1FMCU9G96HUB46901,SE,2017,Escape,Ford
1FMCU9J91HUA06313,Titanium,2017,Escape,Ford
1FMCU9GD7JUB88875,SE,2018,Escape,Ford
1FMCU9GD4HUE58395,SE,2017,Escape,Ford
1FMCU9G91HUA55891,SE,2017,Escape,Ford
1FMCU0F74HUD89537,S,2017,Escape,Ford
1FMCU9HD5KUC58888,SEL,2019,Escape,Ford
1FMCU9GD3HUD61494,SE,2017,Escape,Ford
1FMCU9HD8JUC50931,SEL,2018,Escape,Ford
1FMCU9GD1HUB24700,SE,2017,Escape,Ford
1FMCU9J90HUA66695,Titanium,2017,Escape,Ford
1FMCU9DZ0LUB35163,Titanium Hybrid,2020,Escape,Ford
1FMCU9GD4HUC40120,SE,2017,Escape,Ford
1FMCU9J98HUD88467,Titanium,2017,Escape,Ford
1FMCU0F67LUA31719,S,2020,Escape,Ford
1FMCU0F77FUB61044,S,2015,Escape,Ford
1FMCU9G6XLUA50963,SE,2020,Escape,Ford
1FMCU0GD9HUC24362,SE,2017,Escape,Ford
1FMCU0G68LUC58285,SE,2020,Escape,Ford
1FMCU0GX1FUC24668,SE,2015,Escape,Ford
1FMCU0F67LUB66828,S,2020,Escape,Ford
1FMCU0G63NUC02970,SE,2022,Escape,Ford
1FMCU0J90FUA61313,Titanium,2015,Escape,Ford
1FMCU0HX7DUA75081,SEL,2013,Escape,Ford
1FMCU0H61MUA33772,SEL,2021,Escape,Ford
1FMCU0F75HUA13025,S,2017,Escape,Ford
1FMCU9J99KUA56500,Titanium,2019,Escape,Ford
1FMCU0F74DUB81216,S,2013,Escape,Ford
1FMCU0H96DUC13002,SEL,2013,Escape,Ford
1FMCU0GX2EUC05450,SE,2014,Escape,Ford
1FMCU0GD2HUC77422,SE,2017,Escape,Ford
1FMCU9GX9FUB60125,SE,2015,Escape,Ford
1FMCU9J9XDUB29179,Titanium,2013,Escape,Ford
1FMCU0GX0EUE56452,SE,2014,Escape,Ford
1FMCU0G62NUA63155,SE,2022,Escape,Ford
1FMCU9EG0CKB65563,Limited,2012,Escape,Ford
1FMCU9GX0EUE36853,SE,2014,Escape,Ford
1FMCU0D71CKC00799,XLT,2012,Escape,Ford
1FMCU0E74BKC69421,Limited,2011,Escape,Ford
1FMCU9JDXHUB99291,Titanium,2017,Escape,Ford
1FMCU9G95GUA06708,SE,2016,Escape,Ford
1FMCU0J91GUB46324,Titanium,2016,Escape,Ford
1FMCU0J94FUB58188,Titanium,2015,Escape,Ford
1FMCU9GX3GUA38054,SE,2016,Escape,Ford
1FMCU0GD5HUA52539,SE,2017,Escape,Ford
1FMYU94185KD99892,Limited,2005,Escape,Ford
1FMCU93118KA55210,XLT,2008,Escape,Ford
1FMCU03749KB29799,XLT,2009,Escape,Ford
1FMCU0HX3DUB53033,SEL,2013,Escape,Ford
1FMCU0JX9GUC56729,Titanium,2016,Escape,Ford
1FMCU0HX4DUB81178,SEL,2013,Escape,Ford
1FMCU9GD8HUA12766,SE,2017,Escape,Ford
1FMCU0GX8FUC22318,SE,2015,Escape,Ford
1FMYU03ZX7KC06860,XLT,2007,Escape,Ford
1FMCU93Z08KD32161,XLT,2008,Escape,Ford
1FMCU0JX3GUB95247,Titanium,2016,Escape,Ford
1FMCU0GXXDUC33866,SE,2013,Escape,Ford
1FMCU0GX3DUD16779,SE,2013,Escape,Ford
1FMCU0GX3FUB04080,SE,2015,Escape,Ford
1FMCU9J97FUA40849,Titanium,2015,Escape,Ford
1FMCU0G99HUC86694,SE,2017,Escape,Ford
1FMCU0F77FUA41518,S,2015,Escape,Ford
1FMCU9G95DUC80843,SE,2013,Escape,Ford
1FMCU03G79KA29115,XLT,2009,Escape,Ford
1FMCU9J95HUC13366,Titanium,2017,Escape,Ford
1FMCU0G95FUB92437,SE,2015,Escape,Ford
1FMCU9EG0AKA78999,Limited,2010,Escape,Ford
1FMCU9J90DUD37121,Titanium,2013,Escape,Ford
1FMYU93105KC91719,XLT,2005,Escape,Ford
1FMCU9J95EUB07415,Titanium,2014,Escape,Ford
1FMCU0GD7HUE46267,SE,2017,Escape,Ford
1FMCU0D77CKC06154,XLT,2012,Escape,Ford
1FMCU0GD8HUE70254,SE,2017,Escape,Ford
1FMCU0GD4JUB52010,SE,2018,Escape,Ford
1FMCU9D76BKB42109,XLT,2011,Escape,Ford
1FMCU9EG7CKB65575,Limited,2012,Escape,Ford
1FMCU9GD7HUB99918,SE,2017,Escape,Ford
1FMCU0GD9KUB38699,SE,2019,Escape,Ford
1FMCU9HX7DUA78891,SEL,2013,Escape,Ford
1FMCU0G72FUB60124,SE,2015,Escape,Ford
1FMCU04G19KA66093,Limited,2009,Escape,Ford
1FMCU9GX1EUE09144,SE,2014,Escape,Ford
1FMCU9H97LUA09537,SEL,2020,Escape,Ford
1FMCU9G96HUE33946,SE,2017,Escape,Ford
1FMCU9EG8CKC05551,Limited,2012,Escape,Ford
1FMCU0J96DUB45536,Titanium,2013,Escape,Ford
1FMCU0GD4JUB41024,SE,2018,Escape,Ford
1FMCU0GX8DUC33798,SE,2013,Escape,Ford
1FMCU0JX9GUB70143,Titanium,2016,Escape,Ford
1FMCU0F76EUE56490,S,2014,Escape,Ford
1FMCU02Z18KD56725,XLS,2008,Escape,Ford
1FMCU9G99KUB13317,SE,2019,Escape,Ford
1FMCU0E79CKB29057,Limited,2012,Escape,Ford
1FMCU0GDXKUB32328,SE,2019,Escape,Ford
1FMCU0GX9FUA39848,SE,2015,Escape,Ford
1FMCU0GX7EUA89162,SE,2014,Escape,Ford
1FMCU0G96DUC22705,SE,2013,Escape,Ford
1FMCU0G77FUB44341,SE,2015,Escape,Ford
1FMCU9DG8AKD26269,XLT,2010,Escape,Ford
1FMCU0GX8GUA83762,SE,2016,Escape,Ford
1FMCU0JD1HUE91729,Titanium,2017,Escape,Ford
1FMCU94G29KC67344,Limited,2009,Escape,Ford
1FMCU0GD2HUD17238,SE,2017,Escape,Ford
1FMCU9GX4GUA64839,SE,2016,Escape,Ford
1FMCU0GD4HUD38723,SE,2017,Escape,Ford
1FMCU0F73DUD87983,S,2013,Escape,Ford
1FMCU0GX6DUA77065,SE,2013,Escape,Ford
1FMCU0J99FUB71406,Titanium,2015,Escape,Ford
1FMCU9GD4JUC74791,SE,2018,Escape,Ford
1FMCU0JXXEUB43885,Titanium,2014,Escape,Ford
1FMCU0GX4FUC24020,SE,2015,Escape,Ford
1FMCU9HD3JUA53178,SEL,2018,Escape,Ford
1FMCU0GD9JUB82250,SE,2018,Escape,Ford
1FMCU0HXXDUD36851,SEL,2013,Escape,Ford
1FMCU0J97FUC23910,Titanium,2015,Escape,Ford
1FMCU93194KA45910,XLT,2004,Escape,Ford
1FMCU0GX5FUB80321,SE,2015,Escape,Ford
1FMCU0GD5HUE53069,SE,2017,Escape,Ford
1FMCU0GX9EUE37463,SE,2014,Escape,Ford
1FMCU0E77CKB02858,Limited,2012,Escape,Ford
1FMCU0GX6DUA33762,SE,2013,Escape,Ford
1FMCU0D77BKA32701,XLT,2011,Escape,Ford
1FMCU9J92DUA85503,Titanium,2013,Escape,Ford
1FMCU0EG7BKB02647,Limited,2011,Escape,Ford
1FMCU9GDXJUC01165,SE,2018,Escape,Ford
1FMCU9G99HUA49143,SE,2017,Escape,Ford
1FMCU0JX2GUA44156,Titanium,2016,Escape,Ford
1FMCU0G75GUB36014,SE,2016,Escape,Ford
1FMCU0GX6GUB69216,SE,2016,Escape,Ford
1FMCU0JX5EUA91839,Titanium,2014,Escape,Ford
1FMCU0GX3GUA38048,SE,2016,Escape,Ford
1FMCU0G95FUB47935,SE,2015,Escape,Ford
1FMCU9J9XKUA56649,Titanium,2019,Escape,Ford
1FMCU0DGXAKA43254,XLT,2010,Escape,Ford
1FMCU0JDXHUD65188,Titanium,2017,Escape,Ford
1FMCU0GD3KUA04156,SE,2019,Escape,Ford
1FMCU0DG4CKA21737,XLT,2012,Escape,Ford
1FMCU0GD5JUD03257,SE,2018,Escape,Ford
1FMCU0G78GUB02844,SE,2016,Escape,Ford
1FMCU9J98GUA20028,Titanium,2016,Escape,Ford
1FMCU931X8KB45682,XLT,2008,Escape,Ford
1FMCU0DG4CKC42139,XLT,2012,Escape,Ford
1FMCU0J95GUA08463,Titanium,2016,Escape,Ford
1FMCU0F70EUB28479,S,2014,Escape,Ford
1FMCU03Z98KC99351,XLT,2008,Escape,Ford
1FMCU9GD0JUC63044,SE,2018,Escape,Ford
1FMCU9J93DUC33867,Titanium,2013,Escape,Ford
1FMCU0H95DUC79394,SEL,2013,Escape,Ford
1FMYU03192KC01376,XLT,2002,Escape,Ford
1FMCU0GX3EUA11994,SE,2014,Escape,Ford
1FMCU9GD7JUD55977,SE,2018,Escape,Ford
1FMYU04131KB64564,XLT,2001,Escape,Ford
1FMCU0G91HUE70253,SE,2017,Escape,Ford
1FMYU03127KA65132,XLT,2007,Escape,Ford
1FMCU9J97HUE92304,Titanium,2017,Escape,Ford
1FMCU0GX9EUB78506,SE,2014,Escape,Ford
1FMCU9HD1KUA82048,SEL,2019,Escape,Ford
1FMCU0F75EUE50776,S,2014,Escape,Ford
1FMCU9GD4JUD43012,SE,2018,Escape,Ford
1FMCU9GD8JUA62069,SE,2018,Escape,Ford
1FMCU0GX8DUD36235,SE,2013,Escape,Ford
1FMCU9HD8KUA04270,SEL,2019,Escape,Ford
1FMCU94173KC63440,Limited,2003,Escape,Ford
1FMCU9GD8KUA98071,SE,2019,Escape,Ford
1FMCU0GXXGUA74822,SE,2016,Escape,Ford
1FMCU0J93GUA51604,Titanium,2016,Escape,Ford
1FMCU0J96EUD43213,Titanium,2014,Escape,Ford
1FMCU0F78HUA22205,S,2017,Escape,Ford
1FMCU0GX7DUB38973,SE,2013,Escape,Ford
1FMCU9GD2JUB38983,SE,2018,Escape,Ford
1FMCU9H96DUA53658,SEL,2013,Escape,Ford
1FMCU9J92HUC69927,Titanium,2017,Escape,Ford
1FMCU0EG6CKC40942,Limited,2012,Escape,Ford
1FMCU0G93EUB27875,SE,2014,Escape,Ford
1FMCU0F75DUC12750,S,2013,Escape,Ford
1FMCU0G99GUA96120,SE,2016,Escape,Ford
1FMCU9G66MUB08309,SE,2021,Escape,Ford
1FMCU03769KB87316,XLT,2009,Escape,Ford
1FMCU0GXXDUA99389,SE,2013,Escape,Ford
1FMCU0GDXKUA40670,SE,2019,Escape,Ford
1FMCU0G92GUC24715,SE,2016,Escape,Ford
1FMCU9DG2AKC63542,XLT,2010,Escape,Ford
1FMCU0GD9KUC45686,SE,2019,Escape,Ford
1FMCU9J93GUC24722,Titanium,2016,Escape,Ford
1FMCU0E71CKC02891,Limited,2012,Escape,Ford
1FMCU9J91EUB43876,Titanium,2014,Escape,Ford
1FMCU0EG3AKC63527,Limited,2010,Escape,Ford
1FMCU0GD5HUF04361,SE,2017,Escape,Ford
1FMCU0GX0EUB58211,SE,2014,Escape,Ford
1FMCU0G99DUC12833,SE,2013,Escape,Ford
1FMCU9E74BKC29909,Limited,2011,Escape,Ford
1FMCU9HD2KUA52850,SEL,2019,Escape,Ford
1FMCU0GX4FUA40745,SE,2015,Escape,Ford
1FMCU9GXXDUB37594,SE,2013,Escape,Ford
1FMCU92103KE02780,XLS Duratec,2003,Escape,Ford
1FMYU92193KD90327,XLS Duratec,2003,Escape,Ford
1FMCU9G91HUB88134,SE,2017,Escape,Ford
1FMCU0GX5FUA40222,SE,2015,Escape,Ford
1FMCU0F7XEUB43863,S,2014,Escape,Ford
1FMCU0G9XDUA00264,SE,2013,Escape,Ford
1FMCU0F7XKUB67267,S,2019,Escape,Ford
1FMCU9J95JUC79549,Titanium,2018,Escape,Ford
1FMCU0DG1BKA13951,XLT,2011,Escape,Ford
1FMCU9H67LUB00488,SEL,2020,Escape,Ford
1FMCU02739KC04333,XLS,2009,Escape,Ford
1FMCU04138KB78405,Limited,2008,Escape,Ford
1FMCU0GD8JUA82446,SE,2018,Escape,Ford
1FMCU0J95EUA28886,Titanium,2014,Escape,Ford
1FMYU02144KA70880,Duratec,2004,Escape,Ford
1FMCU03G59KA26374,XLT,2009,Escape,Ford
1FMCU0G98FUB75051,SE,2015,Escape,Ford
1FMCU03ZX8KB27829,XLT,2008,Escape,Ford
1FMCU0F74FUA23526,S,2015,Escape,Ford
1FMCU0GX0FUB27834,SE,2015,Escape,Ford
1FMCU9J93DUB22591,Titanium,2013,Escape,Ford
1FMCU9JD0HUE70570,Titanium,2017,Escape,Ford
1FMCU0GD2JUC58147,SE,2018,Escape,Ford
1FMCU9EG1CKA21245,Limited,2012,Escape,Ford
1FMYU03111KF18017,XLT,2001,Escape,Ford
1FMCU9J93FUA55834,Titanium,2015,Escape,Ford
1FMCU9J94JUD28241,Titanium,2018,Escape,Ford
1FMYU02132KB38518,XLS Duratec,2002,Escape,Ford
1FMCU9J91FUA24310,Titanium,2015,Escape,Ford
1FMCU0GDXHUC48086,SE,2017,Escape,Ford
1FMCU0GD2JUB23511,SE,2018,Escape,Ford
1FMCU9J94HUB58988,Titanium,2017,Escape,Ford
1FMCU0GD9HUC23339,SE,2017,Escape,Ford
1FMCU0GX9EUB60474,SE,2014,Escape,Ford
1FMCU0GX0FUB28529,SE,2015,Escape,Ford
1FMYU93124KA62408,XLT Duratec,2004,Escape,Ford
1FMCU9J95EUB43850,Titanium,2014,Escape,Ford
1FMCU0GD3HUB51635,SE,2017,Escape,Ford
1FMCU9GX7EUD37933,SE,2014,Escape,Ford
1FMCU0HX1DUD36608,SEL,2013,Escape,Ford
1FMCU0GD8JUB52026,SE,2018,Escape,Ford
1FMCU0GD3JUB39877,SE,2018,Escape,Ford
1FMCU9H91DUB17430,SEL,2013,Escape,Ford
1FMCU0GD9JUB82247,SE,2018,Escape,Ford
1FMCU9HD2JUA34315,SEL,2018,Escape,Ford
1FMCU0G94EUB59864,SE,2014,Escape,Ford
1FMCU0G98DUD85226,SE,2013,Escape,Ford
1FMCU0D73CKC05082,XLT,2012,Escape,Ford
1FMCU9GX0GUC77559,SE,2016,Escape,Ford
1FMCU0G71GUC22260,SE,2016,Escape,Ford
1FMCU0GD7JUB76589,SE,2018,Escape,Ford
1FMCU0GX1FUC60439,SE,2015,Escape,Ford
1FMCU0GD6HUB14644,SE,2017,Escape,Ford
1FMCU0GX2EUE49969,SE,2014,Escape,Ford
1FMCU0F77FUB88759,S,2015,Escape,Ford
1FMCU9GD3HUC21218,SE,2017,Escape,Ford
1FMCU0G90HUF06059,SE,2017,Escape,Ford
1FMCU0GD4HUE15073,SE,2017,Escape,Ford
1FMCU0GX7DUA04044,SE,2013,Escape,Ford
1FMYU03Z97KB17345,XLT,2007,Escape,Ford
1FMCU04198KC16218,Limited,2008,Escape,Ford
1FMCU9GD4HUA31718,SE,2017,Escape,Ford
1FMCU0G77FUC22570,SE,2015,Escape,Ford
1FMCU0JX9FUC24135,Titanium,2015,Escape,Ford
1FMCU0GD3HUE69996,SE,2017,Escape,Ford
1FMCU04168KB66667,Limited,2008,Escape,Ford
1FMCU0JX4GUB05961,Titanium,2016,Escape,Ford
1FMCU0JD7HUC77232,Titanium,2017,Escape,Ford
1FMCU0GX8DUB12740,SE,2013,Escape,Ford
1FMCU9J96FUA40048,Titanium,2015,Escape,Ford
1FMCU0GD5HUC31678,SE,2017,Escape,Ford
1FMCU0G73FUC34554,SE,2015,Escape,Ford
1FMCU0GXXFUB04495,SE,2015,Escape,Ford
1FMCU0JX1EUC20207,Titanium,2014,Escape,Ford
1FMCU9J96KUA56633,Titanium,2019,Escape,Ford
1FMYU02183KD75135,XLS Duratec,2003,Escape,Ford
1FMCU0J99FUB80056,Titanium,2015,Escape,Ford
1FMCU0GX7FUB38829,SE,2015,Escape,Ford
1FMCU0GDXJUB09985,SE,2018,Escape,Ford
1FMCU0G72GUC24714,SE,2016,Escape,Ford
1FMCU0HX0DUB79816,SEL,2013,Escape,Ford
1FMCU0F7XFUB35814,S,2015,Escape,Ford
1FMCU0C77AKC88613,XLS,2010,Escape,Ford
1FMCU9G99DUB45543,SE,2013,Escape,Ford
1FMCU9EG4CKB77070,Limited,2012,Escape,Ford
1FMCU9G96FUA54460,SE,2015,Escape,Ford
1FMCU0D76CKA05667,XLT,2012,Escape,Ford
1FMCU0J98HUA60462,Titanium,2017,Escape,Ford
1FMCU0GXXEUD42474,SE,2014,Escape,Ford
1FMCU0GX1EUB78726,SE,2014,Escape,Ford
1FMCU02799KB61486,XLS,2009,Escape,Ford
1FMCU9J98JUD28243,Titanium,2018,Escape,Ford
1FMCU0D75BKB93015,XLT,2011,Escape,Ford
1FMCU0G70GUB95455,SE,2016,Escape,Ford
1FMCU0G72FUA16556,SE,2015,Escape,Ford
1FMCU9HD1JUB10106,SEL,2018,Escape,Ford
1FMCU0JX9EUC84074,Titanium,2014,Escape,Ford
1FMCU0GD4HUA53763,SE,2017,Escape,Ford
1FMCU0GD0JUB09980,SE,2018,Escape,Ford
1FMCU9J98EUB43874,Titanium,2014,Escape,Ford
1FMCU0GX7DUB57412,SE,2013,Escape,Ford
1FMCU9GX8EUA60712,SE,2014,Escape,Ford
1FMCU0JX8FUC34395,Titanium,2015,Escape,Ford
1FMCU0D74AKC76501,XLT,2010,Escape,Ford
1FMCU0HX1DUB62779,SEL,2013,Escape,Ford
1FMCU9GD6HUB41413,SE,2017,Escape,Ford
1FMCU0HX9DUA52708,SEL,2013,Escape,Ford
1FMCU9GX8GUA51902,SE,2016,Escape,Ford
1FMCU0EGXCKC16594,Limited,2012,Escape,Ford
1FMCU9G66LUB23598,SE,2020,Escape,Ford
1FMCU9J98EUC28844,Titanium,2014,Escape,Ford
1FMCU0J99FUA16483,Titanium,2015,Escape,Ford
1FMCU0JX1GUA07681,Titanium,2016,Escape,Ford
1FMCU0GDXKUA16644,SE,2019,Escape,Ford
1FMCU9D74AKB92828,XLT,2010,Escape,Ford
1FMCU0J94GUB36015,Titanium,2016,Escape,Ford
1FMCU0GD1KUA40489,SE,2019,Escape,Ford
1FMCU0GX3GUC40405,SE,2016,Escape,Ford
1FMCU0DG7AKD26131,XLT,2010,Escape,Ford
1FMCU0GD4HUB28560,SE,2017,Escape,Ford
1FMCU9DG2BKB72031,XLT,2011,Escape,Ford
1FMCU0GD9JUA72783,SE,2018,Escape,Ford
1FMCU0HX8DUB36647,SEL,2013,Escape,Ford
1FMCU0GX1EUA98309,SE,2014,Escape,Ford
1FMCU0G97FUB47936,SE,2015,Escape,Ford
1FMYU04181KC36746,XLT,2001,Escape,Ford
1FMCU0GX1EUA12545,SE,2014,Escape,Ford
1FMCU93Z98KE30069,XLT,2008,Escape,Ford
1FMYU03102KE08576,XLT,2002,Escape,Ford
1FMYU01102KA25949,XLS Duratec,2002,Escape,Ford
1FMCU0GX6GUB95346,SE,2016,Escape,Ford
1FMCU9GD7JUA21223,SE,2018,Escape,Ford
1FMCU0GD9JUB61673,SE,2018,Escape,Ford
1FMCU9J98GUB57132,Titanium,2016,Escape,Ford
1FMCU0HD0KUA46119,SEL,2019,Escape,Ford
1FMCU0D7XAKA02235,XLT,2010,Escape,Ford
1FMCU0GX0FUB58341,SE,2015,Escape,Ford
1FMCU0J95FUB71323,Titanium,2015,Escape,Ford
1FMCU0F7XHUA09729,S,2017,Escape,Ford
1FMCU0F79DUC85295,S,2013,Escape,Ford
1FMYU93Z26KD36246,XLT,2006,Escape,Ford
1FMCU0GX9FUA90332,SE,2015,Escape,Ford
1FMCU9GX6DUB25698,SE,2013,Escape,Ford
1FMCU9H92DUD36560,SEL,2013,Escape,Ford
1FMCU9BZ7LUB83830,SE Sport Hybrid,2020,Escape,Ford
1FMCU0G93FUA51138,SE,2015,Escape,Ford
1FMCU0E78CKB81151,Limited,2012,Escape,Ford
1FMCU0GD2HUB66031,SE,2017,Escape,Ford
1FMCU0F74EUD93499,S,2014,Escape,Ford
1FMCU0GX4DUD91801,SE,2013,Escape,Ford
1FMCU9GX9EUC29541,SE,2014,Escape,Ford
1FMCU03759KB64075,XLT,2009,Escape,Ford
1FMCU93124KA57378,XLT,2004,Escape,Ford
1FMCU0GX1FUA82029,SE,2015,Escape,Ford
1FMYU02Z06KA57164,XLS,2006,Escape,Ford
1FMCU9GX8FUB64120,SE,2015,Escape,Ford
1FMCU9JX3FUB17473,Titanium,2015,Escape,Ford
1FMCU9J94GUA09043,Titanium,2016,Escape,Ford
1FMCU9J93GUB06279,Titanium,2016,Escape,Ford
1FMCU9J91LUA52944,Titanium,2020,Escape,Ford
1FMCU9GX0EUB10891,SE,2014,Escape,Ford
1FMCU9GD5HUC64359,SE,2017,Escape,Ford
1FMYU02193KA80738,XLS Duratec,2003,Escape,Ford
1FMCU93G59KB53968,XLT,2009,Escape,Ford
1FMCU94193KA69685,Limited,2003,Escape,Ford
1FMCU9J98EUD71518,Titanium,2014,Escape,Ford
1FMCU0GD0JUB41022,SE,2018,Escape,Ford
1FMCU9J91FUA40751,Titanium,2015,Escape,Ford
1FMCU9G96EUA98179,SE,2014,Escape,Ford
1FMCU0GD6JUC85853,SE,2018,Escape,Ford
1FMCU0GD8HUC63850,SE,2017,Escape,Ford
1FMCU0G95DUC12392,SE,2013,Escape,Ford
1FMCU0HD9KUA16651,SEL,2019,Escape,Ford
1FMCU9J93DUB45272,Titanium,2013,Escape,Ford
1FMCU0D72BKA67193,XLT,2011,Escape,Ford
1FMCU0J91HUD43656,Titanium,2017,Escape,Ford
1FMCU04779KA60203,Limited,2009,Escape,Ford
1FMCU9GD5HUA22185,SE,2017,Escape,Ford
1FMCU9D71CKB29883,XLT,2012,Escape,Ford
1FMCU0EG2AKA78918,Limited,2010,Escape,Ford
1FMCU9JX4FUA55579,Titanium,2015,Escape,Ford
1FMCU9J95FUA41112,Titanium,2015,Escape,Ford
1FMCU9J92KUA04271,Titanium,2019,Escape,Ford
1FMCU0GXXDUD51951,SE,2013,Escape,Ford
1FMCU0DG5AKA42299,XLT,2010,Escape,Ford
1FMCU0GXXDUD09330,SE,2013,Escape,Ford
1FMCU0D73AKC06651,XLT,2010,Escape,Ford
1FMCU9JD6HUE14813,Titanium,2017,Escape,Ford
1FMCU9J97DUA28861,Titanium,2013,Escape,Ford
1FMCU9EG1CKB17599,Limited,2012,Escape,Ford
1FMCU9HD4JUA96430,SEL,2018,Escape,Ford
1FMCU0GD1HUC33489,SE,2017,Escape,Ford
1FMCU0F73FUB27845,S,2015,Escape,Ford
1FMCU0GD7HUD58223,SE,2017,Escape,Ford
1FMCU0GD7JUC85859,SE,2018,Escape,Ford
1FMCU0DGXBKA97820,XLT,2011,Escape,Ford
1FMCU0J94GUB70214,Titanium,2016,Escape,Ford
1FMCU03G49KA43425,XLT,2009,Escape,Ford
1FMCU0J96FUB92441,Titanium,2015,Escape,Ford
1FMCU0F7XGUA44141,S,2016,Escape,Ford
1FMCU9GX8FUA77138,SE,2015,Escape,Ford
1FMCU9GX8GUA35005,SE,2016,Escape,Ford
1FMCU0F77GUB78332,S,2016,Escape,Ford
1FMCU0F71HUB77551,S,2017,Escape,Ford
1FMCU0HX8DUC17406,SEL,2013,Escape,Ford
1FMCU0GD7HUD18627,SE,2017,Escape,Ford
1FMCU0GD6HUC09902,SE,2017,Escape,Ford
1FMCU9J95FUB23177,Titanium,2015,Escape,Ford
1FMCU04799KC47314,Limited,2009,Escape,Ford
1FMCU9H62MUB15286,SEL,2021,Escape,Ford
1FMCU9J90FUB71041,Titanium,2015,Escape,Ford
1FMCU9GX6DUA39033,SE,2013,Escape,Ford
1FMCU9J98GUA19980,Titanium,2016,Escape,Ford
1FMCU9HD5JUC98225,SEL,2018,Escape,Ford
1FMCU9J9XHUA22204,Titanium,2017,Escape,Ford
1FMCU0G97DUC12832,SE,2013,Escape,Ford
1FMCU0GX1FUA93578,SE,2015,Escape,Ford
1FMCU0D71BKB52431,XLT,2011,Escape,Ford
1FMCU9GX9GUC77561,SE,2016,Escape,Ford
1FMCU03148KA81537,XLT,2008,Escape,Ford
1FMCU9G96HUE31985,SE,2017,Escape,Ford
1FMCU03G89KA65704,XLT,2009,Escape,Ford
1FMCU03799KC47072,XLT,2009,Escape,Ford
1FMCU0GD3JUD18954,SE,2018,Escape,Ford
1FMCU0J97GUC24718,Titanium,2016,Escape,Ford
1FMCU0EG3CKC16372,Limited,2012,Escape,Ford
1FMCU9G90HUA28536,SE,2017,Escape,Ford
1FMCU0GD2HUE46273,SE,2017,Escape,Ford
1FMCU9G94EUD06088,SE,2014,Escape,Ford
1FMCU0DG0BKA94523,XLT,2011,Escape,Ford
1FMCU0GX9GUA08620,SE,2016,Escape,Ford
1FMCU0BZ9NUB23966,SE Hybrid,2022,Escape,Ford
1FMCU0GD7HUC23470,SE,2017,Escape,Ford
1FMCU0J92DUB07169,Titanium,2013,Escape,Ford
1FMCU0F78HUE63106,S,2017,Escape,Ford
1FMCU0GX5EUA37027,SE,2014,Escape,Ford
1FMCU9HD9KUB25082,SEL,2019,Escape,Ford
1FMCU9J92JUA52223,Titanium,2018,Escape,Ford
1FMCU04G49KD16362,Limited,2009,Escape,Ford
1FMCU9GX5EUE11317,SE,2014,Escape,Ford
1FMCU9GD6JUC04550,SE,2018,Escape,Ford
1FMCU0GX7EUC98868,SE,2014,Escape,Ford
1FMCU0JD8HUE91002,Titanium,2017,Escape,Ford
1FMCU0GD3HUD52225,SE,2017,Escape,Ford
1FMCU93118KB43254,XLT,2008,Escape,Ford
1FMCU0GD3HUB99264,SE,2017,Escape,Ford
1FMCU93148KA33427,XLT,2008,Escape,Ford
1FMCU9J95FUB35135,Titanium,2015,Escape,Ford
1FMCU9J99JUC80090,Titanium,2018,Escape,Ford
1FMCU0GXXFUB80055,SE,2015,Escape,Ford
1FMCU0GXXFUA89707,SE,2015,Escape,Ford
1FMCU04G09KA44571,Limited,2009,Escape,Ford
1FMCU9J97GUB81437,Titanium,2016,Escape,Ford
1FMCU0F75HUD27385,S,2017,Escape,Ford
1FMCU9J99GUC40410,Titanium,2016,Escape,Ford
1FMCU9GX3FUA60375,SE,2015,Escape,Ford
1FMCU0GDXJUD03254,SE,2018,Escape,Ford
1FMCU0GDXHUD09162,SE,2017,Escape,Ford
1FMCU9HX0DUC53109,SEL,2013,Escape,Ford
1FMCU0G91EUC58254,SE,2014,Escape,Ford
1FMCU9HD4JUC79889,SEL,2018,Escape,Ford
1FMCU9J98KUC24529,Titanium,2019,Escape,Ford
1FMCU0GX6EUE50333,SE,2014,Escape,Ford
1FMCU9GD2HUD94406,SE,2017,Escape,Ford
1FMCU9G62LUC07384,SE,2020,Escape,Ford
1FMCU0GD3HUE06395,SE,2017,Escape,Ford
1FMCU0HD6JUA90639,SEL,2018,Escape,Ford
1FMCU0HD0JUB59969,SEL,2018,Escape,Ford
1FMCU0GX4DUD35132,SE,2013,Escape,Ford
1FMCU0GD3HUA38283,SE,2017,Escape,Ford
1FMCU9GD1JUA43895,SE,2018,Escape,Ford
1FMCU0GD6HUB78215,SE,2017,Escape,Ford
1FMCU9J96GUC91363,Titanium,2016,Escape,Ford
1FMCU0GX5GUA82603,SE,2016,Escape,Ford
1FMCU93128KA37833,XLT,2008,Escape,Ford
1FMCU9G67NUA36201,SE,2022,Escape,Ford
1FMCU0GD5JUB76588,SE,2018,Escape,Ford
1FMCU0GX9EUA76395,SE,2014,Escape,Ford
1FMCU9GD8KUA52997,SE,2019,Escape,Ford
1FMCU0F71FUA75874,S,2015,Escape,Ford
1FMCU0GD0JUB40405,SE,2018,Escape,Ford
1FMCU9G99EUD79439,SE,2014,Escape,Ford
1FMCU03198KA57346,XLT,2008,Escape,Ford
1FMCU0D77BKB51848,XLT,2011,Escape,Ford
1FMCU047X9KA80753,Limited,2009,Escape,Ford
1FMCU9G95EUB57318,SE,2014,Escape,Ford
1FMCU0F78HUD17269,S,2017,Escape,Ford
1FMCU0J90HUE93323,Titanium,2017,Escape,Ford
1FMCU93144KB21727,XLT,2004,Escape,Ford
1FMCU9G94EUB49081,SE,2014,Escape,Ford
1FMCU0DG8BKA43397,XLT,2011,Escape,Ford
1FMCU03G89KC97915,XLT,2009,Escape,Ford
1FMCU9G62LUA09534,SE,2020,Escape,Ford
1FMCU0F72GUA96119,S,2016,Escape,Ford
1FMYU03124KB66540,XLT,2004,Escape,Ford
1FMCU0D74AKD26183,XLT,2010,Escape,Ford
1FMCU9D71CKC03092,XLT,2012,Escape,Ford
1FMYU03117KA05343,XLT,2007,Escape,Ford
1FMCU9J96JUA50877,Titanium,2018,Escape,Ford
1FMYU04132KB65361,XLT,2002,Escape,Ford
1FMCU9G6XLUA08146,SE,2020,Escape,Ford
1FMCU0GD1HUD83814,SE,2017,Escape,Ford
1FMCU9G98EUC58143,SE,2014,Escape,Ford
1FMCU0GD5HUD83881,SE,2017,Escape,Ford
1FMYU93136KD04710,XLT,2006,Escape,Ford
1FMCU0GD9HUE92506,SE,2017,Escape,Ford
1FMCU0C70AKA71839,XLS,2010,Escape,Ford
1FMCU0GX0GUC49479,SE,2016,Escape,Ford
1FMCU9J96EUC67190,Titanium,2014,Escape,Ford
1FMCU0F79JUC30258,S,2018,Escape,Ford
1FMCU0JX4GUB20640,Titanium,2016,Escape,Ford
1FMCU0JDXHUD75221,Titanium,2017,Escape,Ford
1FMCU0EG5AKA43502,Limited,2010,Escape,Ford
1FMCU0GXXGUA82287,SE,2016,Escape,Ford
1FMCU9GX9GUC56015,SE,2016,Escape,Ford
1FMYU03102KD98423,XLT,2002,Escape,Ford
1FMCU0JXXEUD08110,Titanium,2014,Escape,Ford
1FMCU9GX9EUD68262,SE,2014,Escape,Ford
1FMCU0HX7DUD36015,SEL,2013,Escape,Ford
1FMCU0DG5AKD10543,XLT,2010,Escape,Ford
1FMCU0GD7HUB51637,SE,2017,Escape,Ford
1FMCU9J98JUA21252,Titanium,2018,Escape,Ford
1FMCU04779KC66637,Limited,2009,Escape,Ford
1FMCU9GD1HUC87069,SE,2017,Escape,Ford
1FMCU0GD5JUD43015,SE,2018,Escape,Ford
1FMCU9J90GUC40411,Titanium,2016,Escape,Ford
1FMCU0C79AKB92224,XLS,2010,Escape,Ford
1FMCU9EG9BKB02203,Limited,2011,Escape,Ford
1FMCU9J91FUC15337,Titanium,2015,Escape,Ford
1FMCU9J98LUC77376,Titanium,2020,Escape,Ford
1FMCU0D72AKC46039,XLT,2010,Escape,Ford
1FMCU0GD4JUB82267,SE,2018,Escape,Ford
1FMCU9JX5EUB75499,Titanium,2014,Escape,Ford
1FMCU0GX1FUC84434,SE,2015,Escape,Ford
1FMCU0GX1GUB57099,SE,2016,Escape,Ford
1FMCU9GX4GUC87527,SE,2016,Escape,Ford
1FMCU9G61LUB64561,SE,2020,Escape,Ford
1FMCU9HD8KUA63013,SEL,2019,Escape,Ford
1FMCU9GX0DUB81202,SE,2013,Escape,Ford
1FMCU0F70FUB60107,S,2015,Escape,Ford
1FMCU0HX7DUB81191,SEL,2013,Escape,Ford
1FMYU03113KA70607,XLT,2003,Escape,Ford
1FMCU9G92HUE92895,SE,2017,Escape,Ford
1FMCU0J93EUC20078,Titanium,2014,Escape,Ford
1FMCU0F73EUB27973,S,2014,Escape,Ford
1FMCU0F70GUC09484,S,2016,Escape,Ford
1FMCU0GD9JUD03259,SE,2018,Escape,Ford
1FMCU0HD2JUB82234,SEL,2018,Escape,Ford
1FMCU0C77AKC79412,XLS,2010,Escape,Ford
1FMCU9GD5JUC30265,SE,2018,Escape,Ford
1FMCU0GD2HUA48898,SE,2017,Escape,Ford
1FMCU9E73CKC41955,Limited,2012,Escape,Ford
1FMCU0JX4EUB34034,Titanium,2014,Escape,Ford
1FMCU0G78GUB81805,SE,2016,Escape,Ford
1FMCU9G6XLUC19606,SE,2020,Escape,Ford
1FMCU9GX4FUB60128,SE,2015,Escape,Ford
1FMCU9GD7HUE55698,SE,2017,Escape,Ford
1FMCU0DGXCKC62458,XLT,2012,Escape,Ford
1FMCU9J9XJUA66936,Titanium,2018,Escape,Ford
1FMCU9J94JUB55756,Titanium,2018,Escape,Ford
1FMCU0G93EUB14768,SE,2014,Escape,Ford
1FMCU9GD6HUA68222,SE,2017,Escape,Ford
1FMCU03178KA86313,XLT,2008,Escape,Ford
1FMCU0G91EUB27874,SE,2014,Escape,Ford
1FMCU9J99HUB59425,Titanium,2017,Escape,Ford
1FMCU9GD8HUC27614,SE,2017,Escape,Ford
1FMYU93155KA21241,XLT,2005,Escape,Ford
1FMYU93185KA77450,XLT,2005,Escape,Ford
1FMCU0GD0HUE06564,SE,2017,Escape,Ford
1FMCU0GD4JUB09982,SE,2018,Escape,Ford
1FMCU9G69MUA16059,SE,2021,Escape,Ford
1FMCU9G97FUB46757,SE,2015,Escape,Ford
1FMCU0GD5HUE68994,SE,2017,Escape,Ford
1FMCU0JDXHUE91339,Titanium,2017,Escape,Ford
1FMCU0D7XBKA91631,XLT,2011,Escape,Ford
1FMCU0J92GUB35476,Titanium,2016,Escape,Ford
1FMCU0G94DUC48073,SE,2013,Escape,Ford
1FMCU0JX9EUB96447,Titanium,2014,Escape,Ford
1FMCU03Z38KA82913,XLT,2008,Escape,Ford
1FMCU0DG0CKB10527,XLT,2012,Escape,Ford
1FMCU0GD5JUC47157,SE,2018,Escape,Ford
1FMCU0G97GUB25100,SE,2016,Escape,Ford
1FMCU9JDXHUD83744,Titanium,2017,Escape,Ford
1FMCU0GD7HUB77655,SE,2017,Escape,Ford
1FMCU9GD7KUA98062,SE,2019,Escape,Ford
1FMCU0GX5DUC77614,SE,2013,Escape,Ford
1FMCU0EG7CKC84870,Limited,2012,Escape,Ford
1FMCU0C7XCKB77766,XLS,2012,Escape,Ford
1FMCU9GD4HUB82249,SE,2017,Escape,Ford
1FMCU0G96EUD08100,SE,2014,Escape,Ford
1FMCU9GD3KUB55440,SE,2019,Escape,Ford
1FMCU9J9XHUC89830,Titanium,2017,Escape,Ford
1FMCU0EG7CKB49002,Limited,2012,Escape,Ford
1FMCU0GD0HUC77239,SE,2017,Escape,Ford
1FMCU0HD9KUB55436,SEL,2019,Escape,Ford
1FMCU0GX9GUB92537,SE,2016,Escape,Ford
1FMCU0DG8CKA06030,XLT,2012,Escape,Ford
1FMCU0GD0HUB00965,SE,2017,Escape,Ford
1FMCU0J9XGUA08605,Titanium,2016,Escape,Ford
1FMCU9GD2JUA11831,SE,2018,Escape,Ford
1FMCU9HD2JUA41376,SEL,2018,Escape,Ford
1FMCU0GD9JUC46805,SE,2018,Escape,Ford
1FMCU9GX5GUB93320,SE,2016,Escape,Ford
1FMCU0EG4CKA21784,Limited,2012,Escape,Ford
1FMCU03749KB93728,XLT,2009,Escape,Ford
1FMCU0F7XDUC60874,S,2013,Escape,Ford
1FMCU0G96DUA54788,SE,2013,Escape,Ford
1FMCU0G90EUD57664,SE,2014,Escape,Ford
1FMYU03165KB33414,XLT,2005,Escape,Ford
1FMCU0F70FUB78039,S,2015,Escape,Ford
1FMCU0GD2HUE92301,SE,2017,Escape,Ford
1FMCU0GX7EUE10780,SE,2014,Escape,Ford
1FMCU0E72CKB00922,Limited,2012,Escape,Ford
1FMCU0D79BKC61963,XLT,2011,Escape,Ford
1FMCU0F79HUD43699,S,2017,Escape,Ford
1FMCU0JX6GUA51966,Titanium,2016,Escape,Ford
1FMCU9J97DUD36614,Titanium,2013,Escape,Ford
1FMCU9DG8AKB43082,XLT,2010,Escape,Ford
1FMCU0F79GUB04992,S,2016,Escape,Ford
1FMCU9HX3DUC85424,SEL,2013,Escape,Ford
1FMCU0JX5EUB84375,Titanium,2014,Escape,Ford
1FMCU0GX9GUA08455,SE,2016,Escape,Ford
1FMCU9H94DUD02944,SEL,2013,Escape,Ford
1FMYU03105KB51620,XLT,2005,Escape,Ford
1FMCU9D70AKA62223,XLT,2010,Escape,Ford
1FMCU0HD4JUD19612,SEL,2018,Escape,Ford
1FMCU0D73CKB57387,XLT,2012,Escape,Ford
1FMCU0HD7JUB41033,SEL,2018,Escape,Ford
1FMCU9J9XEUC58976,Titanium,2014,Escape,Ford
1FMCU0G99FUA90557,SE,2015,Escape,Ford
1FMCU0GX4FUC87831,SE,2015,Escape,Ford
1FMCU0GD7HUC77237,SE,2017,Escape,Ford
1FMCU9J9XHUE70801,Titanium,2017,Escape,Ford
1FMCU9EG3CKA54327,Limited,2012,Escape,Ford
1FMCU0EG7BKA42739,Limited,2011,Escape,Ford
1FMCU9G96GUA44285,SE,2016,Escape,Ford
1FMCU0JX8GUA27734,Titanium,2016,Escape,Ford
1FMCU0GD9HUD27359,SE,2017,Escape,Ford
1FMCU0GD8JUB41026,SE,2018,Escape,Ford
1FMCU0HX2DUD18781,SEL,2013,Escape,Ford
1FMCU9GDXKUA51429,SE,2019,Escape,Ford
1FMCU93GX9KC31631,XLT,2009,Escape,Ford
1FMCU0D73AKB51554,XLT,2010,Escape,Ford
1FMCU9GX9FUC34580,SE,2015,Escape,Ford
1FMCU0HX8DUB38673,SEL,2013,Escape,Ford
1FMCU9GX8EUA73301,SE,2014,Escape,Ford
1FMCU0GD8HUD65584,SE,2017,Escape,Ford
1FMCU0G94EUB71156,SE,2014,Escape,Ford
1FMCU0G9XHUD39340,SE,2017,Escape,Ford
1FMCU9G95EUA99761,SE,2014,Escape,Ford
1FMCU0GX8EUE24686,SE,2014,Escape,Ford
1FMCU0D79CKC41990,XLT,2012,Escape,Ford
1FMCU9D73BKB02716,XLT,2011,Escape,Ford
1FMCU0GD5JUB41016,SE,2018,Escape,Ford
1FMCU9G90DUC02650,SE,2013,Escape,Ford
1FMCU03Z68KC32478,XLT,2008,Escape,Ford
1FMCU9EG0BKB52438,Limited,2011,Escape,Ford
1FMYU03184KA15590,XLT,2004,Escape,Ford
1FMCU02709KB19501,XLS,2009,Escape,Ford
1FMCU0GD9JUB71149,SE,2018,Escape,Ford
1FMCU0J97DUA04863,Titanium,2013,Escape,Ford
1FMCU9J92LUA38695,Titanium,2020,Escape,Ford
1FMCU9GX7GUA44150,SE,2016,Escape,Ford
1FMCU0JX2EUA69278,Titanium,2014,Escape,Ford
1FMCU0G94HUB51638,SE,2017,Escape,Ford
1FMCU9DGXAKC49002,XLT,2010,Escape,Ford
1FMYU93194KA35884,XLT Duratec,2004,Escape,Ford
1FMCU0J92GUA74596,Titanium,2016,Escape,Ford
1FMCU0D79AKA87620,XLT,2010,Escape,Ford
1FMCU0GD2HUE06338,SE,2017,Escape,Ford
1FMCU9J93EUB58329,Titanium,2014,Escape,Ford
1FMCU0HX3DUC71938,SEL,2013,Escape,Ford
1FMYU04192KD02383,XLT,2002,Escape,Ford
1FMCU0D75AKA54212,XLT,2010,Escape,Ford
1FMCU94178KD06732,Limited,2008,Escape,Ford
1FMCU0G93EUC43464,SE,2014,Escape,Ford
1FMCU0GD3HUD08130,SE,2017,Escape,Ford
1FMCU9H92LUC16420,SEL,2020,Escape,Ford
1FMCU0GXXDUB07653,SE,2013,Escape,Ford
1FMCU92Z98KA43507,XLS,2008,Escape,Ford
1FMCU0J96DUB22452,Titanium,2013,Escape,Ford
1FMCU0JX7FUA40747,Titanium,2015,Escape,Ford
1FMCU0GX8FUC03638,SE,2015,Escape,Ford
1FMCU0GD6HUC48117,SE,2017,Escape,Ford
1FMCU9G90FUA88734,SE,2015,Escape,Ford
1FMCU0D73BKC49825,XLT,2011,Escape,Ford
1FMCU0GXXEUE36807,SE,2014,Escape,Ford
1FMCU03759KB95133,XLT,2009,Escape,Ford
1FMCU0J96EUE10781,Titanium,2014,Escape,Ford
1FMCU0GX7GUC08962,SE,2016,Escape,Ford
1FMCU0DGXCKA21726,XLT,2012,Escape,Ford
1FMCU9DG5BKA84400,XLT,2011,Escape,Ford
1FMCU0GX0FUB28854,SE,2015,Escape,Ford
1FMCU0GX8EUD30548,SE,2014,Escape,Ford
1FMCU9G97EUE10784,SE,2014,Escape,Ford
1FMCU9J91KUC24601,Titanium,2019,Escape,Ford
1FMCU0GD1JUA63012,SE,2018,Escape,Ford
1FMCU0J98EUA28543,Titanium,2014,Escape,Ford
1FMCU0E71CKC80524,Limited,2012,Escape,Ford
1FMCU9D79CKC23980,XLT,2012,Escape,Ford
1FMCU9J95HUD88264,Titanium,2017,Escape,Ford
1FMCU9H99DUB30457,SEL,2013,Escape,Ford
1FMYU03196KD35987,XLT,2006,Escape,Ford
1FMCU9GX1DUB94136,SE,2013,Escape,Ford
1FMCU0GXXFUC02815,SE,2015,Escape,Ford
1FMCU0GD0JUB52022,SE,2018,Escape,Ford
1FMCU0GD1HUE93164,SE,2017,Escape,Ford
1FMCU0EG9CKC39137,Limited,2012,Escape,Ford
1FMCU0JX7EUB96205,Titanium,2014,Escape,Ford
1FMCU0G95FUB03501,SE,2015,Escape,Ford
1FMCU0GD4JUA90320,SE,2018,Escape,Ford
1FMCU0F78EUE57642,S,2014,Escape,Ford
1FMCU0HD3JUB41031,SEL,2018,Escape,Ford
1FMCU9DG0BKC55294,XLT,2011,Escape,Ford
1FMCU03769KC13087,XLT,2009,Escape,Ford
1FMCU0G92DUC92928,SE,2013,Escape,Ford
1FMCU9JD5HUB41606,Titanium,2017,Escape,Ford
1FMCU04118KB01967,Limited,2008,Escape,Ford
1FMCU0GX1EUC20084,SE,2014,Escape,Ford
1FMCU0GD2JUC58116,SE,2018,Escape,Ford
1FMCU0G79FUA30745,SE,2015,Escape,Ford
1FMCU0GX9DUA48160,SE,2013,Escape,Ford
1FMCU0EG2AKB00108,Limited,2010,Escape,Ford
1FMCU9J98EUA28952,Titanium,2014,Escape,Ford
1FMCU0GX3EUD36869,SE,2014,Escape,Ford
1FMCU02Z18KA56733,XLS,2008,Escape,Ford
1FMCU0GD4JUA96392,SE,2018,Escape,Ford
1FMCU9GDXKUC24527,SE,2019,Escape,Ford
1FMCU0GX4GUC53986,SE,2016,Escape,Ford
1FMCU0GX9EUA44515,SE,2014,Escape,Ford
1FMCU0GD3HUC55607,SE,2017,Escape,Ford
1FMCU0GX2FUA40744,SE,2015,Escape,Ford
1FMCU9G94GUC86962,SE,2016,Escape,Ford
1FMCU9JX2GUB34833,Titanium,2016,Escape,Ford
1FMCU92779KB08709,XLS,2009,Escape,Ford
1FMCU0JD4HUB06132,Titanium,2017,Escape,Ford
1FMCU0GX5EUB28430,SE,2014,Escape,Ford
1FMCU9GD0HUC77357,SE,2017,Escape,Ford
1FMCU0GD5JUB09974,SE,2018,Escape,Ford
1FMCU0D72BKC50285,XLT,2011,Escape,Ford
1FMCU9GX5FUC60447,SE,2015,Escape,Ford
1FMCU0DG0AKA78725,XLT,2010,Escape,Ford
1FMCU0GX4EUD78306,SE,2014,Escape,Ford
1FMCU0GD7HUA76891,SE,2017,Escape,Ford
1FMCU9HX3DUC48504,SEL,2013,Escape,Ford
1FMCU0G77GUA08454,SE,2016,Escape,Ford
1FMCU0GD9JUB70986,SE,2018,Escape,Ford
1FMCU0GD7HUA92315,SE,2017,Escape,Ford
1FMCU047X9KA56081,Limited,2009,Escape,Ford
1FMCU0JD3HUB06154,Titanium,2017,Escape,Ford
1FMCU0GX1DUD16943,SE,2013,Escape,Ford
1FMCU9J92LUA30208,Titanium,2020,Escape,Ford
1FMCU0GD4HUB41406,SE,2017,Escape,Ford
1FMCU0HX4DUC12381,SEL,2013,Escape,Ford
1FMCU9J91EUB60015,Titanium,2014,Escape,Ford
1FMCU0GX0DUB71507,SE,2013,Escape,Ford
1FMCU0GD4JUC57579,SE,2018,Escape,Ford
1FMCU0J94EUB77595,Titanium,2014,Escape,Ford
1FMCU9GD4KUA78559,SE,2019,Escape,Ford
1FMCU0J99FUB47820,Titanium,2015,Escape,Ford
1FMCU0GD1HUA79608,SE,2017,Escape,Ford
1FMCU0D78AKB07193,XLT,2010,Escape,Ford
1FMCU9GD0KUB30012,SE,2019,Escape,Ford
1FMYU02134KB35864,Duratec,2004,Escape,Ford
1FMCU9J96HUA77832,Titanium,2017,Escape,Ford
1FMCU9D78CKC40642,XLT,2012,Escape,Ford
1FMCU0GX3DUB00009,SE,2013,Escape,Ford
1FMCU04172KC83407,XLT,2002,Escape,Ford
1FMYU03Z66KD48265,XLT,2006,Escape,Ford
1FMCU0GD1HUF06057,SE,2017,Escape,Ford
1FMCU0J95DUB09238,Titanium,2013,Escape,Ford
1FMCU0GX6EUC10764,SE,2014,Escape,Ford
1FMCU9G98HUB67989,SE,2017,Escape,Ford
1FMCU94144KB52037,Limited,2004,Escape,Ford
1FMCU0GX3FUA51137,SE,2015,Escape,Ford
1FMCU0HX6DUA04700,SEL,2013,Escape,Ford
1FMYU011X1KB27385,XLS,2001,Escape,Ford
1FMCU9J92EUA37355,Titanium,2014,Escape,Ford
1FMCU9GD7KUB25065,SE,2019,Escape,Ford
1FMCU0GD4HUE46274,SE,2017,Escape,Ford
1FMCU0F79FUC41400,S,2015,Escape,Ford
1FMCU9DG8CKB48379,XLT,2012,Escape,Ford
1FMCU0F78EUC91686,S,2014,Escape,Ford
1FMCU9J98HUD52228,Titanium,2017,Escape,Ford
1FMCU9GX7FUA90334,SE,2015,Escape,Ford
1FMCU0GD7HUE70049,SE,2017,Escape,Ford
1FMCU9J97JUA21226,Titanium,2018,Escape,Ford
1FMCU03Z38KE23209,XLT,2008,Escape,Ford
1FMCU0G95FUA60374,SE,2015,Escape,Ford
1FMCU0F72EUA59746,S,2014,Escape,Ford
1FMCU0GX1DUC77089,SE,2013,Escape,Ford
1FMCU9G92EUA29084,SE,2014,Escape,Ford
1FMCU03Z18KD14263,XLT,2008,Escape,Ford
1FMCU0GX3FUA90326,SE,2015,Escape,Ford
1FMCU0EG6CKA82327,Limited,2012,Escape,Ford
1FMCU0GD6JUB41025,SE,2018,Escape,Ford
1FMCU0F71EUB06975,S,2014,Escape,Ford
1FMCU9H91LUB30001,SEL,2020,Escape,Ford
1FMYU021X4KB50958,Duratec,2004,Escape,Ford
1FMCU0HX8DUA00177,SEL,2013,Escape,Ford
1FMCU9H9XDUD85232,SEL,2013,Escape,Ford
1FMCU0G91EUE24594,SE,2014,Escape,Ford
1FMCU9G9XFUA81824,SE,2015,Escape,Ford
1FMCU9GXXDUA08108,SE,2013,Escape,Ford
1FMCU9D75AKB72510,XLT,2010,Escape,Ford
1FMCU0EG5BKA06645,Limited,2011,Escape,Ford
1FMCU0G92GUC13004,SE,2016,Escape,Ford
1FMCU9EG0AKA64147,Limited,2010,Escape,Ford
1FMCU0HD3JUD03157,SEL,2018,Escape,Ford
1FMYU03182KC16810,XLT,2002,Escape,Ford
1FMYU011X2KB22513,XLS Duratec,2002,Escape,Ford
1FMCU0JX1GUA28417,Titanium,2016,Escape,Ford
1FMCU9GX1FUB38510,SE,2015,Escape,Ford
1FMCU0GX9FUB38427,SE,2015,Escape,Ford
1FMCU0GX8FUB59849,SE,2015,Escape,Ford
1FMCU9DG4BKA92150,XLT,2011,Escape,Ford
1FMCU03759KD05999,XLT,2009,Escape,Ford
1FMCU0GX0GUB14373,SE,2016,Escape,Ford
1FMCU0J94EUE24596,Titanium,2014,Escape,Ford
1FMCU0HD0JUC69193,SEL,2018,Escape,Ford
1FMCU0GD7HUD09247,SE,2017,Escape,Ford
1FMCU0D72AKC50026,XLT,2010,Escape,Ford
1FMCU9GX3GUB70201,SE,2016,Escape,Ford
1FMCU0HX4DUA24069,SEL,2013,Escape,Ford
1FMCU0F73FUA89128,S,2015,Escape,Ford
1FMCU0D7XAKA78831,XLT,2010,Escape,Ford
1FMCU9DG8BKB21133,XLT,2011,Escape,Ford
1FMCU94799KC65722,Limited,2009,Escape,Ford
1FMCU0GX6GUA65146,SE,2016,Escape,Ford
1FMCU9G63LUA74408,SE,2020,Escape,Ford
1FMCU0F73EUB33935,S,2014,Escape,Ford
1FMCU0GX8EUC06327,SE,2014,Escape,Ford
1FMCU0GX3GUC46446,SE,2016,Escape,Ford
1FMYU041X2KB14973,XLT,2002,Escape,Ford
1FMCU0JX0EUB60694,Titanium,2014,Escape,Ford
1FMCU04G99KA29616,Limited,2009,Escape,Ford
1FMCU9G68MUB10370,SE,2021,Escape,Ford
1FMCU0GD2HUB14902,SE,2017,Escape,Ford
1FMCU0F76DUC93886,S,2013,Escape,Ford
1FMCU9JD0HUB78126,Titanium,2017,Escape,Ford
1FMCU0G98HUC47823,SE,2017,Escape,Ford
1FMCU0J90HUC93655,Titanium,2017,Escape,Ford
1FMCU0EG1AKC07148,Limited,2010,Escape,Ford
1FMCU9J99EUA21024,Titanium,2014,Escape,Ford
1FMCU0GD4HUE53483,SE,2017,Escape,Ford
1FMCU0GX7DUB53716,SE,2013,Escape,Ford
1FMCU9J96LUA40305,Titanium,2020,Escape,Ford
1FMCU03188KC78534,XLT,2008,Escape,Ford
1FMCU9G91DUA46425,SE,2013,Escape,Ford
1FMCU0GX5FUB04081,SE,2015,Escape,Ford
1FMCU0GD8JUB52012,SE,2018,Escape,Ford
1FMCU9GX3DUA85595,SE,2013,Escape,Ford
1FMCU9GD2HUC63461,SE,2017,Escape,Ford
1FMCU0J91GUA96122,Titanium,2016,Escape,Ford
1FMCU0EGXCKC42113,Limited,2012,Escape,Ford
1FMCU9GD8HUB40084,SE,2017,Escape,Ford
1FMCU0J97FUA16580,Titanium,2015,Escape,Ford
1FMCU0GX2EUA87027,SE,2014,Escape,Ford
1FMCU0H91DUB94438,SEL,2013,Escape,Ford
1FMYU93184DA14450,XLT Duratec,2004,Escape,Ford
1FMCU0GD9HUC22496,SE,2017,Escape,Ford
1FMCU9GD7HUC09752,SE,2017,Escape,Ford
1FMYU94177KB33072,Limited,2007,Escape,Ford
1FMCU0EGXBKB72028,Limited,2011,Escape,Ford
1FMCU0GDXJUD18952,SE,2018,Escape,Ford
1FMCU0GXXGUB95303,SE,2016,Escape,Ford
1FMCU94G79KC19600,Limited,2009,Escape,Ford
1FMCU0GX9GUA28415,SE,2016,Escape,Ford
1FMCU03719KB29422,XLT,2009,Escape,Ford
1FMCU0GD7HUD18644,SE,2017,Escape,Ford
1FMCU9HDXKUC01053,SEL,2019,Escape,Ford
1FMCU9HX7DUD66572,SEL,2013,Escape,Ford
1FMCU0EG5CKC63578,Limited,2012,Escape,Ford
1FMCU0GD5HUB51636,SE,2017,Escape,Ford
1FMCU0JX4EUB60312,Titanium,2014,Escape,Ford
1FMCU0GXXDUB62507,SE,2013,Escape,Ford
1FMCU9HDXJUC33290,SEL,2018,Escape,Ford
1FMCU9GX6FUA82483,SE,2015,Escape,Ford
1FMCU0GX5GUA38049,SE,2016,Escape,Ford
1FMCU0GX6EUB97109,SE,2014,Escape,Ford
1FMCU9GX5EUD09824,SE,2014,Escape,Ford
1FMCU9J92EUA80948,Titanium,2014,Escape,Ford
1FMCU0EG4AKD32032,Limited,2010,Escape,Ford
1FMCU0GD4JUB82253,SE,2018,Escape,Ford
1FMCU0D73AKC06228,XLT,2010,Escape,Ford
1FMCU0GX7EUB97202,SE,2014,Escape,Ford
1FMCU0G69LUB64576,SE,2020,Escape,Ford
1FMCU0D7XAKB79190,XLT,2010,Escape,Ford
1FMCU9JD8HUD92765,Titanium,2017,Escape,Ford
1FMCU9J93JUD03489,Titanium,2018,Escape,Ford
1FMCU9G99EUA55343,SE,2014,Escape,Ford
1FMCU0F78HUC97900,S,2017,Escape,Ford
1FMCU9D70BKB72030,XLT,2011,Escape,Ford
1FMCU0GX6DUC38398,SE,2013,Escape,Ford
1FMCU9J97LUA74270,Titanium,2020,Escape,Ford
1FMCU0GD6JUC75145,SE,2018,Escape,Ford
1FMCU9J94EUC91696,Titanium,2014,Escape,Ford
1FMYU931X3KD47632,XLT,2003,Escape,Ford
1FMCU0GX8GUC09487,SE,2016,Escape,Ford
1FMCU0GX8EUB84457,SE,2014,Escape,Ford
1FMCU0GD3HUA68285,SE,2017,Escape,Ford
1FMYU93153KA51353,XLT,2003,Escape,Ford
1FMCU0GD7HUE46270,SE,2017,Escape,Ford
1FMCU9J96HUB88140,Titanium,2017,Escape,Ford
1FMCU9J97FUC77602,Titanium,2015,Escape,Ford
1FMCU9GX2GUB95347,SE,2016,Escape,Ford
1FMCU0G93GUC56699,SE,2016,Escape,Ford
1FMCU0GD5JUC18399,SE,2018,Escape,Ford
1FMCU0GD2JUA08116,SE,2018,Escape,Ford
1FMCU9D75BKB72167,XLT,2011,Escape,Ford
1FMCU9HX8DUD67620,SEL,2013,Escape,Ford
1FMCU9GX2EUE01635,SE,2014,Escape,Ford
1FMYU93173KB78864,XLT,2003,Escape,Ford
1FMYU941X5KA62334,Limited,2005,Escape,Ford
1FMCU03Z58KA43207,XLT,2008,Escape,Ford
1FMCU9GX3FUB04083,SE,2015,Escape,Ford
1FMCU0GD2HUA48870,SE,2017,Escape,Ford
1FMCU03G19KA10611,XLT,2009,Escape,Ford
1FMYU93Z57KA77219,XLT,2007,Escape,Ford
1FMCU0GX2EUB58940,SE,2014,Escape,Ford
1FMCU0GX8GUB95879,SE,2016,Escape,Ford
1FMCU9H67LUB27187,SEL,2020,Escape,Ford
1FMCU0GD0JUC10825,SE,2018,Escape,Ford
1FMYU03172KC90848,XLT,2002,Escape,Ford
1FMCU0JX1EUE35912,Titanium,2014,Escape,Ford
1FMYU93134KB88471,XLT Duratec,2004,Escape,Ford
1FMCU0GX8GUA28082,SE,2016,Escape,Ford
1FMCU0F70JUC79882,S,2018,Escape,Ford
1FMCU0G9XEUB14766,SE,2014,Escape,Ford
1FMCU9H95LUA30287,SEL,2020,Escape,Ford
1FMCU0GX2GUC55736,SE,2016,Escape,Ford
1FMCU0GX4EUA60864,SE,2014,Escape,Ford
1FMCU9J94GUA74944,Titanium,2016,Escape,Ford
1FMCU9JX0GUB75882,Titanium,2016,Escape,Ford
1FMCU9GD3KUA61753,SE,2019,Escape,Ford
1FMCU9GX4GUB95348,SE,2016,Escape,Ford
1FMCU0GD7HUD27358,SE,2017,Escape,Ford
1FMCU0GD7HUD83803,SE,2017,Escape,Ford
1FMYU931X5KA12745,XLT,2005,Escape,Ford
1FMCU0JD6HUD08017,Titanium,2017,Escape,Ford
1FMCU0GD9KUA98883,SE,2019,Escape,Ford
1FMCU0J92HUB41411,Titanium,2017,Escape,Ford
1FMCU04G19KA04693,Limited,2009,Escape,Ford
1FMCU0GXXGUA20226,SE,2016,Escape,Ford
1FMCU0J95DUA52443,Titanium,2013,Escape,Ford
1FMCU0F76GUC56406,S,2016,Escape,Ford
1FMCU0G73FUC23909,SE,2015,Escape,Ford
1FMCU0J93EUB58214,Titanium,2014,Escape,Ford
1FMCU0EG9AKC63029,Limited,2010,Escape,Ford
1FMCU0F78HUB51738,S,2017,Escape,Ford
1FMCU0GX9GUB95387,SE,2016,Escape,Ford
1FMCU9G6XLUA53460,SE,2020,Escape,Ford
1FMCU9GX0GUB46325,SE,2016,Escape,Ford
1FMCU9GX7DUA42507,SE,2013,Escape,Ford
1FMCU0GX5DUD24608,SE,2013,Escape,Ford
1FMYU02Z35KE48968,XLS,2005,Escape,Ford
1FMCU03G39KA33212,XLT,2009,Escape,Ford
1FMCU9GX7EUD53324,SE,2014,Escape,Ford
1FMCU9J9XGUB46326,Titanium,2016,Escape,Ford
1FMCU031X8KE83109,XLT,2008,Escape,Ford
1FMCU0DG8BKA06687,XLT,2011,Escape,Ford
1FMCU0G91DUC11563,SE,2013,Escape,Ford
1FMYU93195KA92748,XLT,2005,Escape,Ford
1FMCU02789KB19505,XLS,2009,Escape,Ford
1FMCU0HX1DUA52668,SEL,2013,Escape,Ford
1FMCU03138KA77334,XLT,2008,Escape,Ford
1FMCU0GD6JUB82254,SE,2018,Escape,Ford
1FMCU0JD5HUD86921,Titanium,2017,Escape,Ford
1FMCU9DG4CKA30944,XLT,2012,Escape,Ford
1FMCU94163KC75207,Limited,2003,Escape,Ford
1FMCU9EG7BKA13911,Limited,2011,Escape,Ford
1FMCU0EG4BKA67579,Limited,2011,Escape,Ford
1FMYU93146KA02293,XLT,2006,Escape,Ford
1FMCU0GD7JUD18956,SE,2018,Escape,Ford
1FMCU0GX8DUB14472,SE,2013,Escape,Ford
1FMCU0G91DUB38663,SE,2013,Escape,Ford
1FMCU0HD6KUB32339,SEL,2019,Escape,Ford
1FMCU03Z38KA93040,XLT,2008,Escape,Ford
1FMCU0EG0BKC50252,Limited,2011,Escape,Ford
1FMCU9J95FUC77601,Titanium,2015,Escape,Ford
1FMCU92769KB19510,XLS,2009,Escape,Ford
1FMCU0H65LUB61348,SEL,2020,Escape,Ford
1FMCU9GD9JUA96702,SE,2018,Escape,Ford
1FMCU0G92EUE14978,SE,2014,Escape,Ford
1FMCU03709KC05180,XLT,2009,Escape,Ford
1FMCU9G91GUC40408,SE,2016,Escape,Ford
1FMCU0G97HUD09244,SE,2017,Escape,Ford
1FMCU0GD2JUA83060,SE,2018,Escape,Ford
1FMCU92Z68KA42363,XLS,2008,Escape,Ford
1FMCU0F7XDUA84599,S,2013,Escape,Ford
1FMCU0DG0CKA49292,XLT,2012,Escape,Ford
1FMCU0EG6CKB52814,Limited,2012,Escape,Ford
1FMCU9GX7EUC38349,SE,2014,Escape,Ford
1FMCU0GDXJUC04238,SE,2018,Escape,Ford
1FMCU9GX7DUA29031,SE,2013,Escape,Ford
1FMCU9J98HUB88138,Titanium,2017,Escape,Ford
1FMCU0GX3DUC68698,SE,2013,Escape,Ford
1FMCU0GX9GUC08042,SE,2016,Escape,Ford
1FMCU0GXXGUA20338,SE,2016,Escape,Ford
1FMCU0GX5GUA65137,SE,2016,Escape,Ford
1FMCU9J92GUB95651,Titanium,2016,Escape,Ford
1FMCU0GD0HUC33242,SE,2017,Escape,Ford
1FMCU0E78AKC65239,Limited,2010,Escape,Ford
1FMCU0GD8HUB41408,SE,2017,Escape,Ford
1FMCU0G92DUD09467,SE,2013,Escape,Ford
1FMCU9H93DUC06867,SEL,2013,Escape,Ford
1FMCU9GX1GUA20247,SE,2016,Escape,Ford
1FMCU9GX7EUC01625,SE,2014,Escape,Ford
1FMCU0GD3HUE07076,SE,2017,Escape,Ford
1FMCU9E73AKC44898,Limited,2010,Escape,Ford
1FMCU02749KB19503,XLS,2009,Escape,Ford
1FMCU02759KA15134,XLS,2009,Escape,Ford
1FMCU9G90FUB60127,SE,2015,Escape,Ford
1FMCU03148KB91889,XLT,2008,Escape,Ford
1FMYU01122KD66592,XLS Duratec,2002,Escape,Ford
1FMYU031X4KB36525,XLT,2004,Escape,Ford
1FMCU9EG9BKB12424,Limited,2011,Escape,Ford
1FMCU9DG2AKB62680,XLT,2010,Escape,Ford
1FMCU0G93HUE88673,SE,2017,Escape,Ford
1FMCU0GX8GUB22348,SE,2016,Escape,Ford
1FMCU0GX6FUC03637,SE,2015,Escape,Ford
1FMCU9J99HUA64055,Titanium,2017,Escape,Ford
1FMCU9J95EUE56560,Titanium,2014,Escape,Ford
1FMCU0GD0JUD18958,SE,2018,Escape,Ford
1FMCU0GDXJUC69347,SE,2018,Escape,Ford
1FMCU04148KA38086,Limited,2008,Escape,Ford
1FMCU0G98DUC33639,SE,2013,Escape,Ford
1FMCU9J93DUB94259,Titanium,2013,Escape,Ford
1FMCU0HD3JUC69351,SEL,2018,Escape,Ford
1FMYU04165KA81667,Limited,2005,Escape,Ford
1FMCU9GD3KUB25063,SE,2019,Escape,Ford
1FMCU0GD8KUB32327,SE,2019,Escape,Ford
1FMCU9J93JUC92106,Titanium,2018,Escape,Ford
1FMCU0HX1DUA00179,SEL,2013,Escape,Ford
1FMCU0F71EUD30876,S,2014,Escape,Ford
1FMCU0GX4DUB40213,SE,2013,Escape,Ford
1FMCU9J95HUA60388,Titanium,2017,Escape,Ford
1FMCU0EG6BKA67597,Limited,2011,Escape,Ford
1FMCU9J9XEUB71160,Titanium,2014,Escape,Ford
1FMCU9GX8GUA52130,SE,2016,Escape,Ford
1FMCU9J9XGUA19866,Titanium,2016,Escape,Ford
1FMCU0G95HUB66049,SE,2017,Escape,Ford
1FMCU0D7XBKA86574,XLT,2011,Escape,Ford
1FMCU0D76BKA06719,XLT,2011,Escape,Ford
1FMCU9HD9KUC01058,SEL,2019,Escape,Ford
1FMCU0HD0KUB55437,SEL,2019,Escape,Ford
1FMCU9J97EUA99866,Titanium,2014,Escape,Ford
1FMCU9J99EUB14769,Titanium,2014,Escape,Ford
1FMCU9GD1HUC48501,SE,2017,Escape,Ford
1FMCU0D73CKA43017,XLT,2012,Escape,Ford
1FMCU0DG7BKC37354,XLT,2011,Escape,Ford
1FMCU94G39KC26348,Limited,2009,Escape,Ford
1FMCU0G9XFUC90363,SE,2015,Escape,Ford
1FMCU0GD2JUA90638,SE,2018,Escape,Ford
1FMCU0D77AKB42923,XLT,2010,Escape,Ford
1FMCU0EG8AKC68089,Limited,2010,Escape,Ford
1FMCU0GX1FUC60442,SE,2015,Escape,Ford
1FMCU9J94GUC91362,Titanium,2016,Escape,Ford
1FMCU0GX0GUC39504,SE,2016,Escape,Ford
1FMCU92789KB19511,XLS,2009,Escape,Ford
1FMCU9GD2HUB14645,SE,2017,Escape,Ford
1FMCU0J98EUB11146,Titanium,2014,Escape,Ford
1FMCU9J97HUA38196,Titanium,2017,Escape,Ford
1FMCU9J94FUB18570,Titanium,2015,Escape,Ford
1FMCU0F76HUA12756,S,2017,Escape,Ford
1FMCU0EG2BKC10044,Limited,2011,Escape,Ford
1FMCU0D7XAKB07955,XLT,2010,Escape,Ford
1FMCU0GX0EUD79372,SE,2014,Escape,Ford
1FMCU0GX0EUE10779,SE,2014,Escape,Ford
1FMCU9J95FUC87156,Titanium,2015,Escape,Ford
1FMCU0JD2HUB78219,Titanium,2017,Escape,Ford
1FMCU9HD4JUA34316,SEL,2018,Escape,Ford
1FMCU0G71FUB46294,SE,2015,Escape,Ford
1FMYU03Z67KA99080,XLT,2007,Escape,Ford
1FMCU9JX8FUA60946,Titanium,2015,Escape,Ford
1FMYU02143KC34966,XLS Duratec,2003,Escape,Ford
1FMCU94138KA44398,Limited,2008,Escape,Ford
1FMCU9G95DUB69726,SE,2013,Escape,Ford
1FMCU0GX9FUA90539,SE,2015,Escape,Ford
1FMCU9GD6JUC05035,SE,2018,Escape,Ford
1FMCU9J90FUC87789,Titanium,2015,Escape,Ford
1FMCU0GX4DUD83598,SE,2013,Escape,Ford
1FMCU0DG4BKA23647,XLT,2011,Escape,Ford
1FMCU9GD0HUB78571,SE,2017,Escape,Ford
1FMCU0JX2GUB40286,Titanium,2016,Escape,Ford
1FMCU0JXXEUB07405,Titanium,2014,Escape,Ford
1FMCU0F7XDUB62783,S,2013,Escape,Ford
1FMCU9J9XHUA27631,Titanium,2017,Escape,Ford
1FMCU0GX0EUD73796,SE,2014,Escape,Ford
1FMCU9GD1KUA61752,SE,2019,Escape,Ford
1FMCU9G9XEUC51193,SE,2014,Escape,Ford
1FMCU9GX6FUB39071,SE,2015,Escape,Ford
1FMCU9G9XFUA81802,SE,2015,Escape,Ford
1FMCU0GX6GUA06839,SE,2016,Escape,Ford
1FMCU0EG7AKD44871,Limited,2010,Escape,Ford
1FMCU9GDXHUD95397,SE,2017,Escape,Ford
1FMCU0GXXGUC09488,SE,2016,Escape,Ford
1FMYU02B04KA40509,XLS Zetec,2004,Escape,Ford
1FMCU0GX6DUB94256,SE,2013,Escape,Ford
1FMCU0GX7DUC37504,SE,2013,Escape,Ford
1FMCU0HD5JUB52029,SEL,2018,Escape,Ford
1FMCU9J95HUD74509,Titanium,2017,Escape,Ford
1FMCU0GD6HUA12759,SE,2017,Escape,Ford
1FMCU0GX7DUB56468,SE,2013,Escape,Ford
1FMCU02Z58KB00443,XLS,2008,Escape,Ford
1FMCU94185KC72599,Limited,2005,Escape,Ford
1FMCU0GD6HUA60357,SE,2017,Escape,Ford
1FMCU0D72BKC29260,XLT,2011,Escape,Ford
1FMCU0GX3FUC60443,SE,2015,Escape,Ford
1FMCU0G9XDUC12470,SE,2013,Escape,Ford
1FMCU0GX4GUB06180,SE,2016,Escape,Ford
1FMCU0G63MUA07188,SE,2021,Escape,Ford
1FMYU04142KC40908,XLT,2002,Escape,Ford
1FMCU0GDXHUC47830,SE,2017,Escape,Ford
1FMCU0J91HUD58285,Titanium,2017,Escape,Ford
1FMCU0F75GUC36227,S,2016,Escape,Ford
1FMCU0GD0HUA03619,SE,2017,Escape,Ford
1FMCU9GX2GUC77563,SE,2016,Escape,Ford
1FMCU0GX4GUA44148,SE,2016,Escape,Ford
1FMCU9GD6JUC58608,SE,2018,Escape,Ford
1FMCU0GX9EUC83904,SE,2014,Escape,Ford
1FMCU0G77GUB70200,SE,2016,Escape,Ford
1FMYU04141KB03272,XLT,2001,Escape,Ford
1FMCU0E77CKB01905,Limited,2012,Escape,Ford
1FMCU0J90HUB91448,Titanium,2017,Escape,Ford
1FMYU93164KB11559,XLT Duratec,2004,Escape,Ford
1FMCU9G93EUE24598,SE,2014,Escape,Ford
1FMCU0G9XGUA20244,SE,2016,Escape,Ford
1FMCU927X9KB19509,XLS,2009,Escape,Ford
1FMCU9H64LUB00514,SEL,2020,Escape,Ford
1FMCU0GD4HUA12761,SE,2017,Escape,Ford
1FMCU0D71BKA21337,XLT,2011,Escape,Ford
1FMCU0G91FUA16579,SE,2015,Escape,Ford
1FMCU9EG0AKC45670,Limited,2010,Escape,Ford
1FMYU03113KC26466,XLT,2003,Escape,Ford
1FMCU0JXXGUA74943,Titanium,2016,Escape,Ford
1FMCU9GX0DUA42445,SE,2013,Escape,Ford
1FMCU0J93FUC87636,Titanium,2015,Escape,Ford
1FMCU9GXXGUA32705,SE,2016,Escape,Ford
1FMCU9GX2DUC60659,SE,2013,Escape,Ford
1FMCU9G66NUA98320,SE,2022,Escape,Ford
1FMCU9G9XDUC77680,SE,2013,Escape,Ford
1FMCU0F78EUC26546,S,2014,Escape,Ford
1FMCU9EG1CKB41000,Limited,2012,Escape,Ford
1FMCU9EG7CKC36306,Limited,2012,Escape,Ford
1FMCU0JX7GUB14301,Titanium,2016,Escape,Ford
1FMCU9GD9KUC50309,SE,2019,Escape,Ford
1FMCU0F74GUB65151,S,2016,Escape,Ford
1FMCU0JX7EUD71729,Titanium,2014,Escape,Ford
1FMCU0GX8EUA61161,SE,2014,Escape,Ford
1FMCU0GD2HUC23425,SE,2017,Escape,Ford
1FMCU9G93HUB51845,SE,2017,Escape,Ford
1FMCU0GX4FUB17999,SE,2015,Escape,Ford
1FMCU0J93FUA40746,Titanium,2015,Escape,Ford
1FMCU0GX3GUA38051,SE,2016,Escape,Ford
1FMCU0J96EUE50780,Titanium,2014,Escape,Ford
1FMCU9GD3HUE67072,SE,2017,Escape,Ford
1FMCU0J94HUE14624,Titanium,2017,Escape,Ford
1FMCU0GD4HUC94321,SE,2017,Escape,Ford
1FMCU0GX1EUB96899,SE,2014,Escape,Ford
1FMYU03123KB01718,XLT,2003,Escape,Ford
1FMCU0GX4GUA08461,SE,2016,Escape,Ford
1FMCU0C73BKA73103,XLS,2011,Escape,Ford
1FMCU9HD7JUA34312,SEL,2018,Escape,Ford
1FMYU03193KC85894,XLT,2003,Escape,Ford
1FMCU9GXXGUC67072,SE,2016,Escape,Ford
1FMCU9EG2BKB38394,Limited,2011,Escape,Ford
1FMCU04197KB77581,Limited,2007,Escape,Ford
1FMCU0D78BKB58887,XLT,2011,Escape,Ford
1FMCU0GX6EUE24654,SE,2014,Escape,Ford
1FMCU0GD6HUB41407,SE,2017,Escape,Ford
1FMCU0F71EUC38344,S,2014,Escape,Ford
1FMCU0GD8JUA03566,SE,2018,Escape,Ford
1FMCU9GX3EUA78485,SE,2014,Escape,Ford
1FMCU9HD2JUC79888,SEL,2018,Escape,Ford
1FMCU0GX7EUB42748,SE,2014,Escape,Ford
1FMCU9HD8KUB55464,SEL,2019,Escape,Ford
1FMCU03Z18KC08993,XLT,2008,Escape,Ford
1FMCU0GX2FUB58972,SE,2015,Escape,Ford
1FMCU9G93FUB28076,SE,2015,Escape,Ford
1FMCU0JD8HUD65478,Titanium,2017,Escape,Ford
1FMCU9GD4KUB25069,SE,2019,Escape,Ford
1FMCU0EG0CKC79476,Limited,2012,Escape,Ford
1FMCU0D75AKD10798,XLT,2010,Escape,Ford
1FMCU9DG9AKB08065,XLT,2010,Escape,Ford
1FMCU9GD6JUB52031,SE,2018,Escape,Ford
1FMCU0GX2FUB71320,SE,2015,Escape,Ford
1FMCU04145KB16216,Limited,2005,Escape,Ford
1FMCU9J9XEUB59798,Titanium,2014,Escape,Ford
1FMCU93G19KA65189,XLT,2009,Escape,Ford
1FMCU0E79CKA74075,Limited,2012,Escape,Ford
1FMCU0GX6EUB60383,SE,2014,Escape,Ford
1FMCU9EG0CKC42125,Limited,2012,Escape,Ford
1FMCU0D71BKA37814,XLT,2011,Escape,Ford
1FMCU0J99EUA99864,Titanium,2014,Escape,Ford
1FMYU92Z67KA83208,XLS,2007,Escape,Ford
1FMCU0GD6JUD36025,SE,2018,Escape,Ford
1FMCU0GX9EUC93817,SE,2014,Escape,Ford
1FMCU94193KD48294,Limited,2003,Escape,Ford
1FMCU9GD4JUC29902,SE,2018,Escape,Ford
1FMCU0GX6FUA50080,SE,2015,Escape,Ford
1FMCU0J94FUC77598,Titanium,2015,Escape,Ford
1FMCU9G96FUC45277,SE,2015,Escape,Ford
1FMCU0G63LUA38536,SE,2020,Escape,Ford
1FMCU0GX9DUA92417,SE,2013,Escape,Ford
1FMCU0GD1KUA04267,SE,2019,Escape,Ford
1FMCU9J9XGUA96124,Titanium,2016,Escape,Ford
1FMCU9H99MUA92244,SEL,2021,Escape,Ford
1FMCU9HD3KUB55484,SEL,2019,Escape,Ford
1FMCU9GD3KUA98074,SE,2019,Escape,Ford
1FMCU0F72GUA12090,S,2016,Escape,Ford
1FMCU9GX5GUB33392,SE,2016,Escape,Ford
1FMCU0GX4EUA28951,SE,2014,Escape,Ford
1FMCU0GD1HUB78218,SE,2017,Escape,Ford
1FMCU0HD4JUA40855,SEL,2018,Escape,Ford
1FMCU0GD9JUB85357,SE,2018,Escape,Ford
1FMCU9GX6FUA40749,SE,2015,Escape,Ford
1FMCU0GX6DUD79679,SE,2013,Escape,Ford
1FMCU0GD0HUE17211,SE,2017,Escape,Ford
1FMCU0GX2EUD15916,SE,2014,Escape,Ford
1FMCU9HXXDUA00430,SEL,2013,Escape,Ford
1FMCU9J98HUD21982,Titanium,2017,Escape,Ford
1FMCU9J96JUC08165,Titanium,2018,Escape,Ford
1FMCU0G95HUB78217,SE,2017,Escape,Ford
1FMCU0D72CKA05536,XLT,2012,Escape,Ford
1FMCU9J92KUC50575,Titanium,2019,Escape,Ford
1FMCU0G97FUB60122,SE,2015,Escape,Ford
1FMCU0GX1EUC83900,SE,2014,Escape,Ford
1FMCU0D76BKA82344,XLT,2011,Escape,Ford
1FMCU0G91GUB35394,SE,2016,Escape,Ford
1FMCU0GDXJUC18401,SE,2018,Escape,Ford
1FMCU0G78GUA08172,SE,2016,Escape,Ford
1FMCU0HX6DUA33775,SEL,2013,Escape,Ford
1FMCU0GD4JUC58148,SE,2018,Escape,Ford
1FMCU0F77DUD52508,S,2013,Escape,Ford
1FMCU9GX2DUC43361,SE,2013,Escape,Ford
1FMCU0JX8EUB60314,Titanium,2014,Escape,Ford
1FMCU9J92GUB46370,Titanium,2016,Escape,Ford
1FMCU9G9XGUA69688,SE,2016,Escape,Ford
1FMCU0HX9DUB63212,SEL,2013,Escape,Ford
1FMCU0EG8CKC40473,Limited,2012,Escape,Ford
1FMCU9GX1GUB57124,SE,2016,Escape,Ford
1FMCU9G92GUB49020,SE,2016,Escape,Ford
1FMCU9J94DUB53719,Titanium,2013,Escape,Ford
1FMCU0F73DUA20503,S,2013,Escape,Ford
1FMCU0F78DUD67020,S,2013,Escape,Ford
1FMCU0JD9HUD36765,Titanium,2017,Escape,Ford
1FMCU9GD5HUC97684,SE,2017,Escape,Ford
1FMCU0GD7JUD03258,SE,2018,Escape,Ford
1FMCU9EG6CKB43857,Limited,2012,Escape,Ford
1FMCU0EG4BKB78293,Limited,2011,Escape,Ford
1FMCU9G69LUC18107,SE,2020,Escape,Ford
1FMCU0JD7HUA12763,Titanium,2017,Escape,Ford
1FMCU9J9XHUA21215,Titanium,2017,Escape,Ford
1FMCU0GX2EUD67112,SE,2014,Escape,Ford
1FMCU9HD9KUB25079,SEL,2019,Escape,Ford
1FMCU0GDXJUB52013,SE,2018,Escape,Ford
1FMCU9J97FUB20877,Titanium,2015,Escape,Ford
1FMCU9JX9GUC86785,Titanium,2016,Escape,Ford
1FMCU0GD2JUB52023,SE,2018,Escape,Ford
1FMCU0GX6GUC09486,SE,2016,Escape,Ford
1FMCU9G66MUA94752,SE,2021,Escape,Ford
1FMCU9J97FUB18353,Titanium,2015,Escape,Ford
1FMCU9GD2HUC11957,SE,2017,Escape,Ford
1FMCU0GD2JUB09978,SE,2018,Escape,Ford
1FMCU0GD3JUB41029,SE,2018,Escape,Ford
1FMCU9G93DUA02880,SE,2013,Escape,Ford
1FMCU0G73GUA74936,SE,2016,Escape,Ford
1FMCU0J93HUE53172,Titanium,2017,Escape,Ford
1FMCU9J99HUE22884,Titanium,2017,Escape,Ford
1FMYU041X1KB12834,XLT,2001,Escape,Ford
1FMCU9J95FUA05582,Titanium,2015,Escape,Ford
1FMCU9GD5KUA33307,SE,2019,Escape,Ford
1FMCU0JX2GUB96325,Titanium,2016,Escape,Ford
1FMCU0G74GUB81638,SE,2016,Escape,Ford
1FMYU01B32KC39374,XLS,2002,Escape,Ford
1FMCU9EG8CKB77203,Limited,2012,Escape,Ford
1FMCU0GDXHUD82404,SE,2017,Escape,Ford
1FMCU0G91DUD15325,SE,2013,Escape,Ford
1FMYU02Z36KA61449,XLS,2006,Escape,Ford
1FMCU9GX4FUA77055,SE,2015,Escape,Ford
1FMCU9GD8JUA52335,SE,2018,Escape,Ford
1FMCU0GD9HUB59657,SE,2017,Escape,Ford
1FMCU0GD9JUB41021,SE,2018,Escape,Ford
1FMCU9H98DUA04817,SEL,2013,Escape,Ford
1FMCU0GD1HUB28502,SE,2017,Escape,Ford
1FMCU9GD0KUB55444,SE,2019,Escape,Ford
1FMCU0GX7FUA40755,SE,2015,Escape,Ford
1FMCU9GX2EUB37557,SE,2014,Escape,Ford
1FMCU0GX4DUC85154,SE,2013,Escape,Ford
1FMCU0GD9JUB41018,SE,2018,Escape,Ford
1FMCU0GD4KUB32325,SE,2019,Escape,Ford
1FMCU0G7XGUB81711,SE,2016,Escape,Ford
1FMCU9GD8HUC47829,SE,2017,Escape,Ford
1FMCU0D71CKA82947,XLT,2012,Escape,Ford
1FMCU0G91GUB35475,SE,2016,Escape,Ford
1FMCU9G68NUA59230,SE,2022,Escape,Ford
1FMCU0G7XFUC34552,SE,2015,Escape,Ford
1FMCU9J97EUE24600,Titanium,2014,Escape,Ford
1FMCU0GX3DUD34683,SE,2013,Escape,Ford
1FMCU0EG6AKA72460,Limited,2010,Escape,Ford
1FMCU9GX8GUC71914,SE,2016,Escape,Ford
1FMCU0GD0JUC58146,SE,2018,Escape,Ford
1FMCU0DG5BKB33820,XLT,2011,Escape,Ford
1FMCU0G70FUC88247,SE,2015,Escape,Ford
1FMCU0GD1KUB32329,SE,2019,Escape,Ford
1FMCU04108KB49427,Limited,2008,Escape,Ford
1FMCU9HD8JUA46291,SEL,2018,Escape,Ford
1FMCU0GD0JUB82251,SE,2018,Escape,Ford
1FMCU9GX9EUB77473,SE,2014,Escape,Ford
1FMCU9GX4EUB77784,SE,2014,Escape,Ford
1FMCU93185DA16369,XLT,2005,Escape,Ford
1FMCU94103KA39314,Limited,2003,Escape,Ford
1FMCU0HD2JUA70873,SEL,2018,Escape,Ford
1FMCU03Z28KE48697,XLT,2008,Escape,Ford
1FMCU9GD5HUB78940,SE,2017,Escape,Ford
1FMCU9GX6GUC61401,SE,2016,Escape,Ford
1FMCU9G94DUC30452,SE,2013,Escape,Ford
1FMCU9G94EUA61406,SE,2014,Escape,Ford
1FMCU0F77EUC35884,S,2014,Escape,Ford
1FMCU0F75DUD16350,S,2013,Escape,Ford
1FMCU0JX5GUA93397,Titanium,2016,Escape,Ford
1FMCU0GD4HUE06339,SE,2017,Escape,Ford
1FMCU0DG8CKA48861,XLT,2012,Escape,Ford
1FMCU9J95JUD18964,Titanium,2018,Escape,Ford
1FMCU9G99DUC10908,SE,2013,Escape,Ford
1FMCU9G94FUB48031,SE,2015,Escape,Ford
1FMCU0GX4DUB81201,SE,2013,Escape,Ford
1FMCU9J94DUC60818,Titanium,2013,Escape,Ford
1FMCU0GX5EUA04156,SE,2014,Escape,Ford
1FMCU0G96EUD32882,SE,2014,Escape,Ford
1FMCU0J99HUB59422,Titanium,2017,Escape,Ford
1FMCU9H9XDUB06913,SEL,2013,Escape,Ford
1FMCU0GX1EUC51075,SE,2014,Escape,Ford
1FMCU04178KA38423,Limited,2008,Escape,Ford
1FMCU9GX1EUD78624,SE,2014,Escape,Ford
1FMCU0GX6GUB41156,SE,2016,Escape,Ford
1FMCU0HX8DUD67287,SEL,2013,Escape,Ford
1FMCU0E72AKA35535,Limited,2010,Escape,Ford
1FMCU0J91GUB22511,Titanium,2016,Escape,Ford
1FMCU9D78BKB29278,XLT,2011,Escape,Ford
1FMCU0G9XEUA51992,SE,2014,Escape,Ford
1FMCU0GD1HUC04560,SE,2017,Escape,Ford
1FMCU0GD1JUB09986,SE,2018,Escape,Ford
1FMCU0G92HUC64357,SE,2017,Escape,Ford
1FMCU0GX3EUC74972,SE,2014,Escape,Ford
1FMCU0F7XFUC89388,S,2015,Escape,Ford
1FMCU93173KC97282,XLT,2003,Escape,Ford
1FMCU94G39KB02418,Limited,2009,Escape,Ford
1FMCU0GX8EUE36983,SE,2014,Escape,Ford
1FMCU9GX8DUC49066,SE,2013,Escape,Ford
1FMCU0F77JUC79880,S,2018,Escape,Ford
1FMCU0HD6JUD03251,SEL,2018,Escape,Ford
1FMCU9GX8DUB10345,SE,2013,Escape,Ford
1FMCU9GX1DUA24780,SE,2013,Escape,Ford
1FMCU9G93HUB78222,SE,2017,Escape,Ford
1FMCU0DG1AKB31223,XLT,2010,Escape,Ford
1FMCU0F72EUA51596,S,2014,Escape,Ford
1FMCU9G67LUC76796,SE,2020,Escape,Ford
1FMCU9J92GUC40412,Titanium,2016,Escape,Ford
1FMCU9J96HUB78224,Titanium,2017,Escape,Ford
1FMCU9J93HUC45586,Titanium,2017,Escape,Ford
1FMCU9J94DUD34335,Titanium,2013,Escape,Ford
1FMCU0HX9DUB71150,SEL,2013,Escape,Ford
1FMCU0F77FUB11986,S,2015,Escape,Ford
1FMCU0GD9JUB09962,SE,2018,Escape,Ford
1FMCU0E74AKD44634,Limited,2010,Escape,Ford
1FMCU9J92GUA92861,Titanium,2016,Escape,Ford
1FMCU0GX9EUA75991,SE,2014,Escape,Ford
1FMCU0GD3JUC47156,SE,2018,Escape,Ford
1FMCU0GD7HUD73658,SE,2017,Escape,Ford
1FMCU0GD5HUD83816,SE,2017,Escape,Ford
1FMCU0GD9HUE06336,SE,2017,Escape,Ford
1FMCU9GX6DUD80884,SE,2013,Escape,Ford
1FMCU9J9XDUC44283,Titanium,2013,Escape,Ford
1FMCU0GD5HUA77702,SE,2017,Escape,Ford
1FMCU0J98JUA29864,Titanium,2018,Escape,Ford
1FMCU9HDXJUA53288,SEL,2018,Escape,Ford
1FMCU0GD6HUA84156,SE,2017,Escape,Ford
1FMCU9D78CKB81513,XLT,2012,Escape,Ford
1FMCU0F72HUD07725,S,2017,Escape,Ford
1FMCU9GX2DUD31648,SE,2013,Escape,Ford
1FMCU03799KB20399,XLT,2009,Escape,Ford
1FMCU0J95EUB70820,Titanium,2014,Escape,Ford
1FMCU9GD9JUA90253,SE,2018,Escape,Ford
1FMCU0H63LUB25027,SEL,2020,Escape,Ford
1FMCU0G9XEUD36823,SE,2014,Escape,Ford
1FMCU9G9XGUC40407,SE,2016,Escape,Ford
1FMCU0GD0HUE46272,SE,2017,Escape,Ford
1FMCU0GD5JUA21247,SE,2018,Escape,Ford
1FMCU9H97LUA30288,SEL,2020,Escape,Ford
1FMCU0JD6HUA03620,Titanium,2017,Escape,Ford
1FMCU9DG5BKA61554,XLT,2011,Escape,Ford
1FMCU0JD1HUE69827,Titanium,2017,Escape,Ford
1FMCU03759KA49945,XLT,2009,Escape,Ford
1FMCU0GX3GUC56409,SE,2016,Escape,Ford
1FMCU0JD3HUC89832,Titanium,2017,Escape,Ford
1FMCU0GD1HUF06060,SE,2017,Escape,Ford
1FMCU0HD6JUA08599,SEL,2018,Escape,Ford
1FMCU0JX2EUE36566,Titanium,2014,Escape,Ford
1FMCU0GX8EUB71384,SE,2014,Escape,Ford
1FMCU0GD2HUE53479,SE,2017,Escape,Ford
1FMCU0J99DUB07654,Titanium,2013,Escape,Ford
1FMCU0GD7HUD09524,SE,2017,Escape,Ford
1FMCU9GD0HUB58935,SE,2017,Escape,Ford
1FMYU92193KD39605,XLS Duratec,2003,Escape,Ford
1FMCU0GX3DUD36501,SE,2013,Escape,Ford
1FMCU9GD1HUD83347,SE,2017,Escape,Ford
1FMCU0HX5DUC80186,SEL,2013,Escape,Ford
1FMCU0GX9FUB79768,SE,2015,Escape,Ford
1FMCU0GX8EUA60673,SE,2014,Escape,Ford
1FMCU0GX6GUC62432,SE,2016,Escape,Ford
1FMCU0GD0JUB95727,SE,2018,Escape,Ford
1FMCU0G98EUA28937,SE,2014,Escape,Ford
1FMCU0J93EUE57850,Titanium,2014,Escape,Ford
1FMCU9GDXHUB41401,SE,2017,Escape,Ford
1FMCU0GD1JUB70982,SE,2018,Escape,Ford
1FMCU0G93DUB53715,SE,2013,Escape,Ford
1FMCU9DG6AKA80998,XLT,2010,Escape,Ford
1FMCU0J94DUD16512,Titanium,2013,Escape,Ford
1FMCU9G98FUB60117,SE,2015,Escape,Ford
1FMCU9H9XDUA09176,SEL,2013,Escape,Ford
1FMYU03185DA09133,XLT,2005,Escape,Ford
1FMCU0J91FUB71321,Titanium,2015,Escape,Ford
1FMCU0F75FUB38765,S,2015,Escape,Ford
1FMCU0GX8GUB95204,SE,2016,Escape,Ford
1FMCU0DG8AKB10336,XLT,2010,Escape,Ford
1FMCU9G97EUD24214,SE,2014,Escape,Ford
1FMCU0D72CKB57610,XLT,2012,Escape,Ford
1FMCU9GD5HUB55559,SE,2017,Escape,Ford
1FMCU0D72CKB02834,XLT,2012,Escape,Ford
1FMCU0GD8HUD51099,SE,2017,Escape,Ford
1FMYU03185KA76181,XLT,2005,Escape,Ford
1FMCU9GD8KUB76607,SE,2019,Escape,Ford
1FMCU9GX5DUA52209,SE,2013,Escape,Ford
1FMCU0EG2AKD30232,Limited,2010,Escape,Ford
1FMCU9J92H4C99204,Titanium,2017,Escape,Ford
1FMCU9J96FUB28534,Titanium,2015,Escape,Ford
1FMCU9E76BKA92214,Limited,2011,Escape,Ford
1FMCU0F76KUB64494,S,2019,Escape,Ford
1FMCU0JX4EUA28974,Titanium,2014,Escape,Ford
1FMCU9JD0HUB88137,Titanium,2017,Escape,Ford
1FMCU9GX2EUA86352,SE,2014,Escape,Ford
1FMCU0GX3DUC53988,SE,2013,Escape,Ford
1FMCU9G93EUC98906,SE,2014,Escape,Ford
1FMCU9EG5BKA66963,Limited,2011,Escape,Ford
1FMCU9J99EUE56559,Titanium,2014,Escape,Ford
1FMYU04115KB01999,Limited,2005,Escape,Ford
1FMYU921X4KA89308,Duratec,2004,Escape,Ford
1FMCU9EG1BKA20496,Limited,2011,Escape,Ford
1FMCU9D78CKA21745,XLT,2012,Escape,Ford
1FMCU9J92EUA83591,Titanium,2014,Escape,Ford
1FMCU0HD6JUB71334,SEL,2018,Escape,Ford
1FMCU0G94HUB17926,SE,2017,Escape,Ford
1FMCU9GD9KUB25066,SE,2019,Escape,Ford
1FMCU9GD9JUC29281,SE,2018,Escape,Ford
1FMCU0EG7BKA26959,Limited,2011,Escape,Ford
1FMCU0GX2FUC60434,SE,2015,Escape,Ford
1FMCU0JX7FUB60645,Titanium,2015,Escape,Ford
1FMCU9GX8EUB49602,SE,2014,Escape,Ford
1FMCU0J98JUA08576,Titanium,2018,Escape,Ford
1FMCU0H63LUA81028,SEL,2020,Escape,Ford
1FMCU0G92HUC77240,SE,2017,Escape,Ford
1FMCU9EG8CKB90095,Limited,2012,Escape,Ford
1FMCU9G94HUC35737,SE,2017,Escape,Ford
1FMCU0GX1FUA93676,SE,2015,Escape,Ford
1FMCU9GD2KUA93903,SE,2019,Escape,Ford
1FMCU9G63LUC76844,SE,2020,Escape,Ford
1FMCU0GX9EUA99613,SE,2014,Escape,Ford
1FMCU9H91LUA74268,SEL,2020,Escape,Ford
1FMYU04101KA90519,XLT,2001,Escape,Ford
1FMYU94136KA06043,Limited,2006,Escape,Ford
1FMCU0GD7JUA21248,SE,2018,Escape,Ford
1FMCU9GD9KUC50858,SE,2019,Escape,Ford
1FMCU9G67LUA30282,SE,2020,Escape,Ford
1FMCU0G7XGUA94374,SE,2016,Escape,Ford
1FMCU9GD5KUA61754,SE,2019,Escape,Ford
1FMCU0GD3JUC04128,SE,2018,Escape,Ford
1FMCU94144KB10046,Limited,2004,Escape,Ford
1FMCU0DG9CKB29335,XLT,2012,Escape,Ford
1FMCU9J94FUB18309,Titanium,2015,Escape,Ford
1FMCU0GX0FUB59893,SE,2015,Escape,Ford
1FMCU0EGXAKA31491,Limited,2010,Escape,Ford
1FMCU03Z58KD15643,XLT,2008,Escape,Ford
1FMCU0GD4KUA40700,SE,2019,Escape,Ford
1FMCU0GD1JUC02068,SE,2018,Escape,Ford
1FMCU0GX2GUB46323,SE,2016,Escape,Ford
1FMCU9G69LUB00493,SE,2020,Escape,Ford
1FMCU03G19KA14352,XLT,2009,Escape,Ford
1FMCU9J92DUD30719,Titanium,2013,Escape,Ford
1FMCU9C70AKC68689,XLS,2010,Escape,Ford
1FMCU9GX6DUA64319,SE,2013,Escape,Ford
1FMCU0GD2HUE91603,SE,2017,Escape,Ford
1FMCU0HD2JUA08938,SEL,2018,Escape,Ford
1FMCU9G99FUA77232,SE,2015,Escape,Ford
1FMCU0EG3AKA32045,Limited,2010,Escape,Ford
1FMCU9GX0GUC77562,SE,2016,Escape,Ford
1FMCU9HX4DUB94078,SEL,2013,Escape,Ford
1FMCU9DG7AKC14708,XLT,2010,Escape,Ford
1FMCU9HX0DUD62721,SEL,2013,Escape,Ford
1FMCU9G95FUA97770,SE,2015,Escape,Ford
1FMCU0GD5HUD18626,SE,2017,Escape,Ford
1FMCU0J95HUE70149,Titanium,2017,Escape,Ford
1FMCU0GX3FUC87786,SE,2015,Escape,Ford
1FMCU9G99EUE10785,SE,2014,Escape,Ford
1FMCU0F73FUC28061,S,2015,Escape,Ford
1FMCU9GX3EUB48132,SE,2014,Escape,Ford
1FMYU02161KA71119,XLS,2001,Escape,Ford
1FMCU0GX7GUB94836,SE,2016,Escape,Ford
1FMCU9EG0CKB07842,Limited,2012,Escape,Ford
1FMCU9GD3JUA43896,SE,2018,Escape,Ford
1FMCU9GXXGUC77651,SE,2016,Escape,Ford
1FMCU0GD2HUB50282,SE,2017,Escape,Ford
1FMCU9EG1CKB77205,Limited,2012,Escape,Ford
1FMCU9GD7HUA79357,SE,2017,Escape,Ford
1FMCU0HD0JUD49609,SEL,2018,Escape,Ford
1FMCU0F73DUB15966,S,2013,Escape,Ford
1FMCU9J96FUA16669,Titanium,2015,Escape,Ford
1FMCU9HD0JUC79887,SEL,2018,Escape,Ford
1FMCU9J91EUB71161,Titanium,2014,Escape,Ford
1FMCU0JX4EUC20086,Titanium,2014,Escape,Ford
1FMCU9HD5JUB86640,SEL,2018,Escape,Ford
1FMCU9GDXHUD98803,SE,2017,Escape,Ford
1FMCU9G62LUA73931,SE,2020,Escape,Ford
1FMYU94155KA76061,Limited,2005,Escape,Ford
1FMCU0GX0EUE37724,SE,2014,Escape,Ford
1FMCU0GD9JUC94689,SE,2018,Escape,Ford
1FMCU94G19KD06599,Limited,2009,Escape,Ford
1FMCU0GX4FUB47200,SE,2015,Escape,Ford
1FMCU0DG9CKC05667,XLT,2012,Escape,Ford
1FMCU9G6XLUA53149,SE,2020,Escape,Ford
1FMCU0GX1EUD23232,SE,2014,Escape,Ford
1FMCU0D70AKD44860,XLT,2010,Escape,Ford
1FMCU0DG0BKB12065,XLT,2011,Escape,Ford
1FMYU03105DA02077,XLT,2005,Escape,Ford
1FMCU0G71GUA74319,SE,2016,Escape,Ford
1FMCU0GX1EUD33419,SE,2014,Escape,Ford
1FMCU0J99EUD00212,Titanium,2014,Escape,Ford
1FMCU0GD4JUC32701,SE,2018,Escape,Ford
1FMCU03G49KA64291,XLT,2009,Escape,Ford
1FMCU0J92HUB91449,Titanium,2017,Escape,Ford
1FMCU0H94DUC44278,SEL,2013,Escape,Ford
1FMCU0GD0HUA40749,SE,2017,Escape,Ford
1FMCU0GD3JUC85857,SE,2018,Escape,Ford
1FMCU9EG7AKB53911,Limited,2010,Escape,Ford
1FMCU9J92JUB09990,Titanium,2018,Escape,Ford
1FMCU9G93EUB52988,SE,2014,Escape,Ford
1FMCU0GD5KUA16650,SE,2019,Escape,Ford
1FMCU9HD3KUB55453,SEL,2019,Escape,Ford
1FMCU041X8KB76814,Limited,2008,Escape,Ford
1FMCU0GX3DUD23425,SE,2013,Escape,Ford
1FMCU0GDXJUC75147,SE,2018,Escape,Ford
1FMCU0G95EUB43866,SE,2014,Escape,Ford
1FMCU9GD2JUB51989,SE,2018,Escape,Ford
1FMCU0G71FUC11399,SE,2015,Escape,Ford
1FMCU9GX4GUA43375,SE,2016,Escape,Ford
1FMCU0G71GUA51770,SE,2016,Escape,Ford
1FMCU9J94GUA62969,Titanium,2016,Escape,Ford
1FMCU0GXXFUB09860,SE,2015,Escape,Ford
1FMCU0J99EUB26657,Titanium,2014,Escape,Ford
1FMCU0GD9HUB41210,SE,2017,Escape,Ford
1FMCU0GX2EUB84034,SE,2014,Escape,Ford
1FMCU9DG4BKB25079,XLT,2011,Escape,Ford
1FMCU0GX5FUC23927,SE,2015,Escape,Ford
1FMCU9HD9JUA34313,SEL,2018,Escape,Ford
1FMCU9J90DUD23428,Titanium,2013,Escape,Ford
1FMCU0G91FUB92306,SE,2015,Escape,Ford
1FMCU0GD5KUA32105,SE,2019,Escape,Ford
1FMCU9J9XEUA69275,Titanium,2014,Escape,Ford
1FMCU9GX9EUB33876,SE,2014,Escape,Ford
1FMCU0EG3CKA98811,Limited,2012,Escape,Ford
1FMCU0D79AKA34030,XLT,2010,Escape,Ford
1FMCU0GD9HUE33939,SE,2017,Escape,Ford
1FMCU0GX7EUA05583,SE,2014,Escape,Ford
1FMCU9HX1DUC17073,SEL,2013,Escape,Ford
1FMCU9GD5KUB25064,SE,2019,Escape,Ford
1FMCU0GX5DUC12830,SE,2013,Escape,Ford
1FMCU9J9XHUB51642,Titanium,2017,Escape,Ford
1FMCU9JD0HUE06741,Titanium,2017,Escape,Ford
1FMCU0F71JUC04222,S,2018,Escape,Ford
1FMCU0GD6HUD38948,SE,2017,Escape,Ford
1FMCU9HD7KUC01057,SEL,2019,Escape,Ford
1FMYU02Z15KD89905,XLS,2005,Escape,Ford
1FMCU0JX6EUE24016,Titanium,2014,Escape,Ford
1FMCU9GD5JUB51680,SE,2018,Escape,Ford
1FMCU0GD3HUF06058,SE,2017,Escape,Ford
1FMCU03118KA51461,XLT,2008,Escape,Ford
1FMCU9GD5KUC24712,SE,2019,Escape,Ford
1FMCU0GX0FUA51063,SE,2015,Escape,Ford
1FMCU0GD0HUC86703,SE,2017,Escape,Ford
1FMCU9GD2KUB55445,SE,2019,Escape,Ford
1FMCU0GD0JUB82248,SE,2018,Escape,Ford
1FMCU9HX2DUC12321,SEL,2013,Escape,Ford
1FMCU0G99EUB43868,SE,2014,Escape,Ford
1FMCU0JD9HUE89968,Titanium,2017,Escape,Ford
1FMCU0GD0JUB85358,SE,2018,Escape,Ford
1FMCU0D79AKD39012,XLT,2010,Escape,Ford
1FMCU0HD3JUA03568,SEL,2018,Escape,Ford
1FMCU0F77GUB95339,S,2016,Escape,Ford
1FMCU0J95EUB84426,Titanium,2014,Escape,Ford
1FMCU0H95DUA77946,SEL,2013,Escape,Ford
1FMYU03197KA12119,XLT,2007,Escape,Ford
1FMCU9G63LUA30280,SE,2020,Escape,Ford
1FMCU0GX7EUA44531,SE,2014,Escape,Ford
1FMCU0EG4BKC61531,Limited,2011,Escape,Ford
1FMCU9G91HUB78221,SE,2017,Escape,Ford
1FMCU0GD1HUD18624,SE,2017,Escape,Ford
1FMCU0J92FUC87787,Titanium,2015,Escape,Ford
1FMCU0GDXJUC47154,SE,2018,Escape,Ford
1FMCU0F75GUC40388,S,2016,Escape,Ford
1FMCU0G96HUB29883,SE,2017,Escape,Ford
1FMCU0G95EUC06626,SE,2014,Escape,Ford
1FMCU0E71AKC48606,Limited,2010,Escape,Ford
1FMCU0GDXJUB41027,SE,2018,Escape,Ford
1FMCU9HD1JUB87672,SEL,2018,Escape,Ford
1FMCU0GX2FUA06576,SE,2015,Escape,Ford
1FMCU0GD3JUD43014,SE,2018,Escape,Ford
1FMCU0JX3GUA75142,Titanium,2016,Escape,Ford
1FMCU0JX5GUC40396,Titanium,2016,Escape,Ford
1FMCU0GXXDUB93854,SE,2013,Escape,Ford
1FMCU9G93DUD25438,SE,2013,Escape,Ford
1FMCU0GX4FUC23627,SE,2015,Escape,Ford
1FMCU9G67MUA08087,SE,2021,Escape,Ford
1FMCU9GX9GUB57131,SE,2016,Escape,Ford
1FMCU9GX9EUA86705,SE,2014,Escape,Ford
1FMCU0DG3BKB83065,XLT,2011,Escape,Ford
1FMCU0G73FUC60586,SE,2015,Escape,Ford
1FMCU0GD0HUD92763,SE,2017,Escape,Ford
1FMCU9GD7JUB59585,SE,2018,Escape,Ford
1FMCU0EG6BKA06301,Limited,2011,Escape,Ford
1FMCU0F74GUA93836,S,2016,Escape,Ford
1FMCU9GD3HUB99284,SE,2017,Escape,Ford
1FMCU9H66MUA27194,SEL,2021,Escape,Ford
1FMCU0GD0HUC76740,SE,2017,Escape,Ford
1FMCU9EG9BKA30841,Limited,2011,Escape,Ford
1FMCU9HD2KUB55458,SEL,2019,Escape,Ford
1FMCU0J99EUB84428,Titanium,2014,Escape,Ford
1FMCU031X8KA85317,XLT,2008,Escape,Ford
1FMCU0GD2HUE22877,SE,2017,Escape,Ford
1FMCU9GX2GUC09490,SE,2016,Escape,Ford
1FMCU03108KE50636,XLT,2008,Escape,Ford
1FMCU0HX3DUB69247,SEL,2013,Escape,Ford
1FMCU0D78CKA43384,XLT,2012,Escape,Ford
1FMCU9GX2DUA61742,SE,2013,Escape,Ford
1FMCU0G96DUD01100,SE,2013,Escape,Ford
1FMCU0JX5EUB33894,Titanium,2014,Escape,Ford
1FMCU9G9XFUB39060,SE,2015,Escape,Ford
1FMCU9GX0DUC32777,SE,2013,Escape,Ford
1FMCU0HD3JUC04242,SEL,2018,Escape,Ford
1FMCU0DGXBKA32630,XLT,2011,Escape,Ford
1FMCU9G68LUB00498,SE,2020,Escape,Ford
1FMCU9G98GUA32185,SE,2016,Escape,Ford
1FMCU9J99EUD08105,Titanium,2014,Escape,Ford
1FMCU9HD1KUA79859,SEL,2019,Escape,Ford
1FMCU0G94EUA76192,SE,2014,Escape,Ford
1FMCU0GX8FUA24063,SE,2015,Escape,Ford
1FMCU9GX6EUA60238,SE,2014,Escape,Ford
1FMYU03Z96KB67693,XLT,2006,Escape,Ford
1FMCU9HX1DUA52691,SEL,2013,Escape,Ford
1FMCU9D7XAKA87307,XLT,2010,Escape,Ford
1FMCU9G95HUB88136,SE,2017,Escape,Ford
1FMCU9J91FUB12046,Titanium,2015,Escape,Ford
1FMCU9J93FUA77056,Titanium,2015,Escape,Ford
1FMCU0D76CKB29440,XLT,2012,Escape,Ford
1FMCU9G94HUE33945,SE,2017,Escape,Ford
1FMCU0GX8DUB94131,SE,2013,Escape,Ford
1FMCU0D78CKA05735,XLT,2012,Escape,Ford
1FMCU0JXXEUD23755,Titanium,2014,Escape,Ford
1FMCU0GDXHUC86773,SE,2017,Escape,Ford
1FMCU0D75AKA02255,XLT,2010,Escape,Ford
1FMCU0DG8AKC49060,XLT,2010,Escape,Ford
1FMCU9J90JUA69750,Titanium,2018,Escape,Ford
1FMCU0GX9GUB34671,SE,2016,Escape,Ford
1FMCU9JD2HUE70568,Titanium,2017,Escape,Ford
1FMCU0F76EUB71093,S,2014,Escape,Ford
1FMCU0G90HUF10497,SE,2017,Escape,Ford
1FMCU9JX7GUC65742,Titanium,2016,Escape,Ford
1FMCU9GX9FUB54213,SE,2015,Escape,Ford
1FMCU0GX8EUB96866,SE,2014,Escape,Ford
1FMCU0EG0BKA73752,Limited,2011,Escape,Ford
1FMCU0G72GUA38042,SE,2016,Escape,Ford
1FMYU93146KB47172,XLT,2006,Escape,Ford
1FMCU0GD5HUD52226,SE,2017,Escape,Ford
1FMCU02Z58KE29935,XLS,2008,Escape,Ford
1FMCU0GD4HUA80011,SE,2017,Escape,Ford
1FMCU0GD5JUB52016,SE,2018,Escape,Ford
1FMCU9GD3KUB25516,SE,2019,Escape,Ford
1FMCU0GXXEUE37407,SE,2014,Escape,Ford
1FMCU0G9XEUC20439,SE,2014,Escape,Ford
1FMCU0GX5EUD07129,SE,2014,Escape,Ford
1FMCU9G91HUC62605,SE,2017,Escape,Ford
1FMCU9DGXCKA05112,XLT,2012,Escape,Ford
1FMCU0JD6HUC23582,Titanium,2017,Escape,Ford
1FMCU9J90DUB30079,Titanium,2013,Escape,Ford
1FMCU9HD3JUB87673,SEL,2018,Escape,Ford
1FMCU0E74CKC61949,Limited,2012,Escape,Ford
1FMCU9HD6KUB55463,SEL,2019,Escape,Ford
1FMCU9J94HUA48345,Titanium,2017,Escape,Ford
1FMCU0GX8FUB40847,SE,2015,Escape,Ford
1FMCU0GXXGUC56438,SE,2016,Escape,Ford
1FMCU0GX0GUB95343,SE,2016,Escape,Ford
1FMCU0GD2JUC58150,SE,2018,Escape,Ford
1FMCU0F70EUD02213,S,2014,Escape,Ford
1FMCU9GX9FUB09479,SE,2015,Escape,Ford
1FMCU0GX7FUA51139,SE,2015,Escape,Ford
1FMCU0GD7HUD52227,SE,2017,Escape,Ford
1FMYU03115KC52049,XLT,2005,Escape,Ford
1FMCU0J93HUA22203,Titanium,2017,Escape,Ford
1FMYU03142KD66428,XLT,2002,Escape,Ford
1FMCU9J95EUA99865,Titanium,2014,Escape,Ford
1FMCU0GX0FUC85574,SE,2015,Escape,Ford
1FMCU0GD4HUE06342,SE,2017,Escape,Ford
1FMCU9J9XHUD51324,Titanium,2017,Escape,Ford
1FMCU0G6XLUA74272,SE,2020,Escape,Ford
1FMCU9G62LUB19001,SE,2020,Escape,Ford
1FMCU0F73EUB09621,S,2014,Escape,Ford
1FMCU0GX8GUC65901,SE,2016,Escape,Ford
1FMCU9J99GUC24126,Titanium,2016,Escape,Ford
1FMCU9H99DUB38350,SEL,2013,Escape,Ford
1FMCU9GX3DUA71454,SE,2013,Escape,Ford
1FMCU0J93HUB23340,Titanium,2017,Escape,Ford
1FMCU0DG8CKC03473,XLT,2012,Escape,Ford
1FMCU0GD2JUB82252,SE,2018,Escape,Ford
1FMCU9G92FUA10195,SE,2015,Escape,Ford
1FMCU0DG4AKA45453,XLT,2010,Escape,Ford
1FMCU0G94DUD67676,SE,2013,Escape,Ford
1FMCU0G90DUC77764,SE,2013,Escape,Ford
1FMCU0J99GUC24719,Titanium,2016,Escape,Ford
1FMCU04GX9KB01553,Limited,2009,Escape,Ford
1FMCU0F75EUC38346,S,2014,Escape,Ford
1FMCU0J92EUD08104,Titanium,2014,Escape,Ford
1FMCU0GD8JUC04237,SE,2018,Escape,Ford
1FMCU9HD0JUB86643,SEL,2018,Escape,Ford
1FMCU94124KA49490,Limited,2004,Escape,Ford
1FMCU0GX6EUA43841,SE,2014,Escape,Ford
1FMCU9GX7FUB47146,SE,2015,Escape,Ford
1FMCU0GX4EUC36327,SE,2014,Escape,Ford
1FMCU9G9XGUC79837,SE,2016,Escape,Ford
1FMCU0J99HUD57658,Titanium,2017,Escape,Ford
1FMCU9HD4KUA52851,SEL,2019,Escape,Ford
1FMCU9G6XLUB64557,SE,2020,Escape,Ford
1FMYU03172KD02089,XLT,2002,Escape,Ford
1FMCU94184KA41829,Limited,2004,Escape,Ford
1FMCU9DG1CKB13988,XLT,2012,Escape,Ford
1FMCU0D76AKD38531,XLT,2010,Escape,Ford
1FMCU0GX7EUD16236,SE,2014,Escape,Ford
1FMCU0GD5JUB09988,SE,2018,Escape,Ford
1FMCU9J96GUB14117,Titanium,2016,Escape,Ford
1FMCU0GD7KUA98106,SE,2019,Escape,Ford
1FMCU0HX7DUC33838,SEL,2013,Escape,Ford
1FMCU0G97GUC40621,SE,2016,Escape,Ford
1FMCU0GX2GUB57130,SE,2016,Escape,Ford
1FMCU0D72CKC80517,XLT,2012,Escape,Ford
1FMCU0DG4BKB97315,XLT,2011,Escape,Ford
1FMYU04155KA39779,Limited,2005,Escape,Ford
1FMCU9G91FUA09992,SE,2015,Escape,Ford
1FMYU04171KB90634,XLT,2001,Escape,Ford
1FMCU93Z18KB03584,XLT,2008,Escape,Ford
1FMCU0EG7AKD18724,Limited,2010,Escape,Ford
1FMCU9GX4EUB44395,SE,2014,Escape,Ford
1FMCU0GX2GUB35595,SE,2016,Escape,Ford
1FMCU0D77CKC80528,XLT,2012,Escape,Ford
1FMCU0G9XEUD08102,SE,2014,Escape,Ford
1FMCU0GD7HUD75359,SE,2017,Escape,Ford
1FMCU0G92DUD67675,SE,2013,Escape,Ford
1FMCU9GX8GUA08466,SE,2016,Escape,Ford
1FMCU0G63LUC66696,SE,2020,Escape,Ford
1FMCU93188KD33374,XLT,2008,Escape,Ford
1FMCU0GX6GUA08459,SE,2016,Escape,Ford
1FMCU0G95DUB65283,SE,2013,Escape,Ford
1FMCU9HD4JUC79892,SEL,2018,Escape,Ford
1FMCU9GX7GUC08383,SE,2016,Escape,Ford
1FMCU9J90JUB87636,Titanium,2018,Escape,Ford
1FMCU9GX3GUB92893,SE,2016,Escape,Ford
1FMCU941X5KD13864,Limited,2005,Escape,Ford
1FMCU0JD6HUA48427,Titanium,2017,Escape,Ford
1FMCU0DG0AKA63612,XLT,2010,Escape,Ford
1FMYU04172KC73210,XLT,2002,Escape,Ford
1FMCU0GD8HUB77194,SE,2017,Escape,Ford
1FMCU0GD7HUC22867,SE,2017,Escape,Ford
1FMCU9J9XEUC67192,Titanium,2014,Escape,Ford
1FMCU0G60LUB64529,SE,2020,Escape,Ford
1FMCU9GD8HUD39894,SE,2017,Escape,Ford
1FMCU0GXXFUB60131,SE,2015,Escape,Ford
1FMCU0JX3FUA77391,Titanium,2015,Escape,Ford
1FMCU9GX9EUD30921,SE,2014,Escape,Ford
1FMCU0JX6EUB07403,Titanium,2014,Escape,Ford
1FMCU9GX5FUB60235,SE,2015,Escape,Ford
1FMCU9GD2HUE67290,SE,2017,Escape,Ford
1FMCU0F73EUC38345,S,2014,Escape,Ford
1FMCU0HD7JUA21250,SEL,2018,Escape,Ford
1FMCU9J91EUA21342,Titanium,2014,Escape,Ford
1FMCU0GD4HUA12758,SE,2017,Escape,Ford
1FMCU0J97GUA08464,Titanium,2016,Escape,Ford
1FMCU0GX5EUC51192,SE,2014,Escape,Ford
1FMCU0GX2DUB81200,SE,2013,Escape,Ford
1FMCU9G69LUA63901,SE,2020,Escape,Ford
1FMCU0GX8GUC24717,SE,2016,Escape,Ford
1FMCU0F7XDUD37081,S,2013,Escape,Ford
1FMCU0JX4FUC23541,Titanium,2015,Escape,Ford
1FMCU0GX9GUB95342,SE,2016,Escape,Ford
1FMCU9J92JUC79895,Titanium,2018,Escape,Ford
1FMCU9JD4HUD92732,Titanium,2017,Escape,Ford
1FMCU0GXXEUD50042,SE,2014,Escape,Ford
1FMCU0GD8JUC75146,SE,2018,Escape,Ford
1FMCU0DG4CKA42765,XLT,2012,Escape,Ford
1FMCU0GX8DUC38399,SE,2013,Escape,Ford
1FMCU0GD8HUB09607,SE,2017,Escape,Ford
1FMCU0GD9HUA53869,SE,2017,Escape,Ford
1FMCU0JX9EUA51313,Titanium,2014,Escape,Ford
1FMCU0J98FUB47937,Titanium,2015,Escape,Ford
1FMCU0GD5HUD26662,SE,2017,Escape,Ford
1FMCU0J95DUA99309,Titanium,2013,Escape,Ford
1FMCU9J97GUC56413,Titanium,2016,Escape,Ford
1FMCU0GD9KUA16649,SE,2019,Escape,Ford
1FMCU0HD1KUA40491,SEL,2019,Escape,Ford
1FMCU9GDXJUA89483,SE,2018,Escape,Ford
1FMYU94125KA75949,Limited,2005,Escape,Ford
1FMCU03168KB68792,XLT,2008,Escape,Ford
1FMCU0JX3EUC19821,Titanium,2014,Escape,Ford
1FMCU9G69MUB23208,SE,2021,Escape,Ford
1FMCU0JX9EUB60418,Titanium,2014,Escape,Ford
1FMCU9G91DUD91809,SE,2013,Escape,Ford
1FMCU0F72EUC83891,S,2014,Escape,Ford
1FMCU0J97EUB84427,Titanium,2014,Escape,Ford
1FMCU0F78GUA69989,S,2016,Escape,Ford
1FMYU03143KA39223,XLT,2003,Escape,Ford
1FMCU0F72EUB95617,S,2014,Escape,Ford
1FMCU0JX3EUC60644,Titanium,2014,Escape,Ford
1FMCU0J92EUD42978,Titanium,2014,Escape,Ford
1FMCU0F74EUC10523,S,2014,Escape,Ford
1FMCU0GDXJUB70981,SE,2018,Escape,Ford
1FMCU0JX8GUC09224,Titanium,2016,Escape,Ford
1FMCU0EGXAKC46465,Limited,2010,Escape,Ford
1FMCU0GD9HUC22627,SE,2017,Escape,Ford
1FMCU0GX5EUC09119,SE,2014,Escape,Ford
1FMCU9G90HUE33943,SE,2017,Escape,Ford
1FMCU9DG9BKA73853,XLT,2011,Escape,Ford
1FMCU9HDXKUA98085,SEL,2019,Escape,Ford
1FMCU0GD8JUC04240,SE,2018,Escape,Ford
1FMCU9EG8CKB77573,Limited,2012,Escape,Ford
1FMCU93198KB84084,XLT,2008,Escape,Ford
1FMCU9JX1GUB81366,Titanium,2016,Escape,Ford
1FMCU0GD5JUC85777,SE,2018,Escape,Ford
1FMCU9GD0KUA95083,SE,2019,Escape,Ford
1FMCU0GX6GUB57129,SE,2016,Escape,Ford
1FMCU0GD5HUB14232,SE,2017,Escape,Ford
1FMCU9GD0KUA52847,SE,2019,Escape,Ford
1FMCU0GD3JUC69349,SE,2018,Escape,Ford
1FMCU0GX9FUC34879,SE,2015,Escape,Ford
1FMCU0GD3JUC03500,SE,2018,Escape,Ford
1FMCU031X8KE76001,XLT,2008,Escape,Ford
1FMCU0EG6AKC62324,Limited,2010,Escape,Ford
1FMCU9G6XNUA54269,SE,2022,Escape,Ford
1FMCU0GD9JUA52078,SE,2018,Escape,Ford
1FMCU9G90HUB99688,SE,2017,Escape,Ford
1FMCU0GX8DUC22302,SE,2013,Escape,Ford
1FMCU0GDXHUB41409,SE,2017,Escape,Ford
1FMCU9GX5DUB37969,SE,2013,Escape,Ford
1FMYU04172KA40718,XLT,2002,Escape,Ford
1FMCU0GD6HUA60598,SE,2017,Escape,Ford
1FMYU03116KA23078,XLT,2006,Escape,Ford
1FMCU9G62LUB93292,SE,2020,Escape,Ford
1FMCU9H67LUB64563,SEL,2020,Escape,Ford
1FMCU9GX7GUC17584,SE,2016,Escape,Ford
1FMCU0EG3CKC79472,Limited,2012,Escape,Ford
1FMCU9G96HUD09241,SE,2017,Escape,Ford
1FMCU03138KC32688,XLT,2008,Escape,Ford
1FMCU02Z08KE69372,XLS,2008,Escape,Ford
1FMCU0GXXGUC77127,SE,2016,Escape,Ford
1FMCU0D72AKC23828,XLT,2010,Escape,Ford
1FMCU0GD2HUA92755,SE,2017,Escape,Ford
1FMCU03709KD08387,XLT,2009,Escape,Ford
1FMCU03739KB21578,XLT,2009,Escape,Ford
1FMCU9J94FUB92426,Titanium,2015,Escape,Ford
1FMCU0GDXJUA03567,SE,2018,Escape,Ford
1FMCU0GD4HUA91848,SE,2017,Escape,Ford
1FMCU9G66LUB19003,SE,2020,Escape,Ford
1FMCU0GX8FUB39102,SE,2015,Escape,Ford
1FMCU9G91FUC77599,SE,2015,Escape,Ford
1FMCU0GX7FUC34198,SE,2015,Escape,Ford
1FMCU0DG4BKC10046,XLT,2011,Escape,Ford
1FMCU9GX4EUD16456,SE,2014,Escape,Ford
1FMCU0GD0JUC31884,SE,2018,Escape,Ford
1FMCU0GX9DUD66540,SE,2013,Escape,Ford
1FMCU0F64LUA09533,S,2020,Escape,Ford
1FMCU0EG0CKC51760,Limited,2012,Escape,Ford
1FMCU0DG4CKB64381,XLT,2012,Escape,Ford
1FMCU9J98FUB28535,Titanium,2015,Escape,Ford
1FMCU93168KA33591,XLT,2008,Escape,Ford
1FMYU02124KA87466,Duratec,2004,Escape,Ford
1FMCU9H62MUA19285,SEL,2021,Escape,Ford
1FMCU9G90EUA59653,SE,2014,Escape,Ford
1FMCU9GX1DUD40258,SE,2013,Escape,Ford
1FMCU0GX5GUC53754,SE,2016,Escape,Ford
1FMCU0GD4HUB77340,SE,2017,Escape,Ford
1FMCU0F76EUD00482,S,2014,Escape,Ford
1FMCU0GX8FUB59754,SE,2015,Escape,Ford
1FMCU0GD4JUC47151,SE,2018,Escape,Ford
1FMCU9EG3AKB18217,Limited,2010,Escape,Ford
1FMCU0F71FUA39134,S,2015,Escape,Ford
1FMCU0GX8EUA92264,SE,2014,Escape,Ford
1FMCU0F72JUC56698,S,2018,Escape,Ford
1FMCU9GD7KUA52845,SE,2019,Escape,Ford
1FMCU0HD3KUA77834,SEL,2019,Escape,Ford
1FMCU93789KB87516,XLT,2009,Escape,Ford
1FMCU0G97DUD22814,SE,2013,Escape,Ford
1FMCU04799KB87163,Limited,2009,Escape,Ford
1FMYU03103KC65064,XLT,2003,Escape,Ford
1FMCU9GX9EUE36348,SE,2014,Escape,Ford
1FMCU0H9XDUD67678,SEL,2013,Escape,Ford
1FMCU0GX6EUC17990,SE,2014,Escape,Ford
1FMCU0DG8BKA10948,XLT,2011,Escape,Ford
1FMCU0D75AKA94578,XLT,2010,Escape,Ford
1FMCU03739KB55200,XLT,2009,Escape,Ford
1FMCU0G97EUB43867,SE,2014,Escape,Ford
1FMCU9GX1DUA00284,SE,2013,Escape,Ford
1FMCU0HX5DUC31800,SEL,2013,Escape,Ford
1FMCU0GD8HUD39339,SE,2017,Escape,Ford
1FMCU0D7XCKC64789,XLT,2012,Escape,Ford
1FMCU0F76EUA18410,S,2014,Escape,Ford
1FMCU04GX9KA30130,Limited,2009,Escape,Ford
1FMCU0H61LUA58959,SEL,2020,Escape,Ford
1FMCU9DG7AKA54748,XLT,2010,Escape,Ford
1FMCU03ZX8KB47787,XLT,2008,Escape,Ford
1FMCU0GD8JUD49505,SE,2018,Escape,Ford
1FMCU0GX3EUC24802,SE,2014,Escape,Ford
1FMCU9J98DUB13725,Titanium,2013,Escape,Ford
1FMCU9GD0HUD43633,SE,2017,Escape,Ford
1FMCU0G99FUB04053,SE,2015,Escape,Ford
1FMCU0G63MUA34665,SE,2021,Escape,Ford
1FMCU9G69MUB08143,SE,2021,Escape,Ford
1FMCU9GD0KUB25067,SE,2019,Escape,Ford
1FMCU0F74HUA22198,S,2017,Escape,Ford
1FMCU9J94EUB00147,Titanium,2014,Escape,Ford
1FMCU03749KB27373,XLT,2009,Escape,Ford
1FMCU0GD9HUD58224,SE,2017,Escape,Ford
1FMCU9J92GUC40409,Titanium,2016,Escape,Ford
1FMCU9G97DUD62895,SE,2013,Escape,Ford
1FMCU9GD1HUA84327,SE,2017,Escape,Ford
1FMCU9G97FUC27788,SE,2015,Escape,Ford
1FMCU03188KD50865,XLT,2008,Escape,Ford
1FMYU93157KA65968,XLT,2007,Escape,Ford
1FMCU0JXXFUB31589,Titanium,2015,Escape,Ford
1FMCU0G75GUA19985,SE,2016,Escape,Ford
1FMCU9J9XEUD82021,Titanium,2014,Escape,Ford
1FMCU9EG9BKB44676,Limited,2011,Escape,Ford
1FMCU0C72AKA61555,XLS,2010,Escape,Ford
1FMCU0GX3GUC77566,SE,2016,Escape,Ford
1FMCU0GX4EUC36411,SE,2014,Escape,Ford
1FMCU0DG0BKB22708,XLT,2011,Escape,Ford
1FMCU0JDXHUE45803,Titanium,2017,Escape,Ford
1FMCU0GX3DUB93436,SE,2013,Escape,Ford
1FMCU93Z68KA68024,XLT,2008,Escape,Ford
1FMCU9J90EUA28928,Titanium,2014,Escape,Ford
1FMCU9GD9JUA82704,SE,2018,Escape,Ford
1FMCU0DG8BKC70184,XLT,2011,Escape,Ford
1FMCU9G93HUE22869,SE,2017,Escape,Ford
1FMCU0GX4GUB57128,SE,2016,Escape,Ford
1FMCU0D72CKB50401,XLT,2012,Escape,Ford
1FMCU0G94HUF10518,SE,2017,Escape,Ford
1FMCU0J94GUA06140,Titanium,2016,Escape,Ford
1FMCU0D73CKA74509,XLT,2012,Escape,Ford
1FMCU0EG7BKC54265,Limited,2011,Escape,Ford
1FMCU9GX6GUC08570,SE,2016,Escape,Ford
1FMCU0GX7GUC07634,SE,2016,Escape,Ford
1FMCU03739KA93040,XLT,2009,Escape,Ford
1FMCU9GD1KUA98073,SE,2019,Escape,Ford
1FMCU9G61LUC72937,SE,2020,Escape,Ford
1FMCU0GXXEUD16375,SE,2014,Escape,Ford
1FMYU031X6KB78468,XLT,2006,Escape,Ford
1FMCU0GD7HUC64732,SE,2017,Escape,Ford
1FMCU9HX3DUC90607,SEL,2013,Escape,Ford
1FMCU0G69NUA23428,SE,2022,Escape,Ford
1FMCU9J91FUB22740,Titanium,2015,Escape,Ford
1FMCU0GD3HUD39345,SE,2017,Escape,Ford
1FMCU0HD0JUA34311,SEL,2018,Escape,Ford
1FMCU9G60LUB00494,SE,2020,Escape,Ford
1FMYU031X6KB36107,XLT,2006,Escape,Ford
1FMCU0J96FUA51188,Titanium,2015,Escape,Ford
1FMYU04122KB29340,XLT,2002,Escape,Ford
1FMCU0G90HUC64356,SE,2017,Escape,Ford
1FMCU0GX7DUB79555,SE,2013,Escape,Ford
1FMCU9G66LUB40627,SE,2020,Escape,Ford
1FMCU0HD2JUD18961,SEL,2018,Escape,Ford
1FMCU9G63NUB70980,SE,2022,Escape,Ford
1FMCU0J90GUA20245,Titanium,2016,Escape,Ford
1FMCU0JD9HUA12764,Titanium,2017,Escape,Ford
1FMYU03134DA14710,XLT,2004,Escape,Ford
1FMCU9J9XFUA77393,Titanium,2015,Escape,Ford
1FMCU0HX7DUC61025,SEL,2013,Escape,Ford
1FMCU03G59KA36757,XLT,2009,Escape,Ford
1FMCU9G99HUC77241,SE,2017,Escape,Ford
1FMCU9J92EUD16367,Titanium,2014,Escape,Ford
1FMCU9DZ5MUB15038,Titanium Hybrid,2021,Escape,Ford
1FMCU0GDXHUD75355,SE,2017,Escape,Ford
1FMCU9GX8GUB70582,SE,2016,Escape,Ford
1FMCU9JD1HUB11762,Titanium,2017,Escape,Ford
1FMCU0GDXJUC69350,SE,2018,Escape,Ford
1FMCU93108KA52041,XLT,2008,Escape,Ford
1FMCU0GX8GUA20242,SE,2016,Escape,Ford
1FMCU0GX1EUE38431,SE,2014,Escape,Ford
1FMCU0GX4FUA66875,SE,2015,Escape,Ford
1FMCU0GD5HUC35472,SE,2017,Escape,Ford
1FMCU0G90EUD16239,SE,2014,Escape,Ford
1FMCU0D71AKA34961,XLT,2010,Escape,Ford
1FMCU9G64LUA09535,SE,2020,Escape,Ford
1FMCU0C78AKC41431,XLS,2010,Escape,Ford
1FMYU93106KD53881,XLT,2006,Escape,Ford
1FMCU0GX5DUB90134,SE,2013,Escape,Ford
1FMCU0J93FUB71322,Titanium,2015,Escape,Ford
1FMYU03143KC87231,XLT,2003,Escape,Ford
1FMCU0HD3JUA53547,SEL,2018,Escape,Ford
1FMCU0F77FUB27931,S,2015,Escape,Ford
1FMCU9EG2CKA15762,Limited,2012,Escape,Ford
1FMCU9DG2CKC39440,XLT,2012,Escape,Ford
1FMCU0HD8JUC44199,SEL,2018,Escape,Ford
1FMCU9J92LUB17218,Titanium,2020,Escape,Ford
1FMCU9GX5FUA59468,SE,2015,Escape,Ford
1FMCU03709KB94794,XLT,2009,Escape,Ford
1FMCU9GX5GUB35479,SE,2016,Escape,Ford
1FMCU03G49KA61066,XLT,2009,Escape,Ford
1FMCU0HX0DUB22404,SEL,2013,Escape,Ford
1FMCU9HD4KUB55462,SEL,2019,Escape,Ford
1FMCU9G69MUA03456,SE,2021,Escape,Ford
1FMCU0JX1EUA83608,Titanium,2014,Escape,Ford
1FMCU0EG2CKC16508,Limited,2012,Escape,Ford
1FMCU9GD8JUD28240,SE,2018,Escape,Ford
1FMCU0GD5HUE46266,SE,2017,Escape,Ford
1FMCU0GX2DUD01027,SE,2013,Escape,Ford
1FMCU9HD5KUC01056,SEL,2019,Escape,Ford
1FMCU9J99HUA03692,Titanium,2017,Escape,Ford
1FMYU03184KB20713,XLT,2004,Escape,Ford
1FMCU0JD6HUB39374,Titanium,2017,Escape,Ford
1FMCU0JX7EUA37457,Titanium,2014,Escape,Ford
1FMCU0F71HUB98478,S,2017,Escape,Ford
1FMCU0D73CKC16762,XLT,2012,Escape,Ford
1FMCU9J97EUC59065,Titanium,2014,Escape,Ford
1FMCU0EG7BKA49089,Limited,2011,Escape,Ford
1FMCU0G90GUA74538,SE,2016,Escape,Ford
1FMCU0J90HUA11448,Titanium,2017,Escape,Ford
1FMCU94G19KC98634,Limited,2009,Escape,Ford
1FMCU9HD4KUA98079,SEL,2019,Escape,Ford
1FMCU0GD3KUA04268,SE,2019,Escape,Ford
1FMCU0F73GUA08453,S,2016,Escape,Ford
1FMCU0J98HUB91309,Titanium,2017,Escape,Ford
1FMCU0GD8JUC47153,SE,2018,Escape,Ford
1FMCU0GX4FUC77154,SE,2015,Escape,Ford
1FMCU0GX6GUC24716,SE,2016,Escape,Ford
1FMCU9JD7HUD83782,Titanium,2017,Escape,Ford
1FMCU0GX3EUD64087,SE,2014,Escape,Ford
1FMCU9GX4GUA08450,SE,2016,Escape,Ford
1FMCU0DGXAKC63882,XLT,2010,Escape,Ford
1FMCU9GX9GUC07610,SE,2016,Escape,Ford
1FMCU9HD2KUA98081,SEL,2019,Escape,Ford
1FMCU0JX4EUD00214,Titanium,2014,Escape,Ford
1FMCU0D77AKC88660,XLT,2010,Escape,Ford
1FMCU9J9XHUE57367,Titanium,2017,Escape,Ford
1FMCU0GD4JUB05155,SE,2018,Escape,Ford
1FMCU0G99HUF06061,SE,2017,Escape,Ford
1FMCU0HDXJUB27420,SEL,2018,Escape,Ford
1FMCU0DGXAKC73778,XLT,2010,Escape,Ford
1FMCU0F7XHUB00497,S,2017,Escape,Ford
1FMCU9GD3HUC11949,SE,2017,Escape,Ford
1FMCU03719KB20882,XLT,2009,Escape,Ford
1FMCU9GD9KUA52975,SE,2019,Escape,Ford
1FMCU0J94JUC74855,Titanium,2018,Escape,Ford
1FMCU9GX3EUC38350,SE,2014,Escape,Ford
1FMCU0H90DUD16707,SEL,2013,Escape,Ford
1FMCU9G93EUD43262,SE,2014,Escape,Ford
1FMCU94128KA25678,Limited,2008,Escape,Ford
1FMCU0GD9HUB20616,SE,2017,Escape,Ford
1FMCU9GX3FUC60446,SE,2015,Escape,Ford
1FMCU0GD8HUE45595,SE,2017,Escape,Ford
1FMCU0GD0HUE06340,SE,2017,Escape,Ford
1FMYU93165KD65872,XLT,2005,Escape,Ford
1FMCU9GX2FUB28889,SE,2015,Escape,Ford
1FMCU9EGXAKD18737,Limited,2010,Escape,Ford
1FMCU0G71GUC40404,SE,2016,Escape,Ford
1FMCU93148KE03534,XLT,2008,Escape,Ford
1FMCU9J9XDUC53856,Titanium,2013,Escape,Ford
1FMCU9GD0JUD36218,SE,2018,Escape,Ford
1FMCU0GX9EUA44563,SE,2014,Escape,Ford
1FMCU0GD9JUA08937,SE,2018,Escape,Ford
1FMCU0C73AKD05648,XLS,2010,Escape,Ford
1FMCU03103KE17080,XLT,2003,Escape,Ford
1FMCU0D75AKA09738,XLT,2010,Escape,Ford
1FMCU0GD8JUC32698,SE,2018,Escape,Ford
1FMCU9J91EUB07413,Titanium,2014,Escape,Ford
1FMCU0GX2EUA60975,SE,2014,Escape,Ford
1FMCU03G69KC81096,XLT,2009,Escape,Ford
1FMCU0JD4HUE68560,Titanium,2017,Escape,Ford
1FMCU0F70GUC24888,S,2016,Escape,Ford
1FMCU9GD6HUA59729,SE,2017,Escape,Ford
1FMCU9HD9KUA98594,SEL,2019,Escape,Ford
1FMCU0G99DUC90982,SE,2013,Escape,Ford
1FMCU0G98FUB75003,SE,2015,Escape,Ford
1FMCU0JD3HUD51214,Titanium,2017,Escape,Ford
1FMCU0G98EUA99863,SE,2014,Escape,Ford
1FMCU0GX7FUB28530,SE,2015,Escape,Ford
1FMCU0F79EUB28366,S,2014,Escape,Ford
1FMCU9H60LUB64565,SEL,2020,Escape,Ford
1FMCU0GX9EUC58355,SE,2014,Escape,Ford
1FMCU9DG7AKD18938,XLT,2010,Escape,Ford
1FMCU0GD4HUE22878,SE,2017,Escape,Ford
1FMCU9J96GUC68374,Titanium,2016,Escape,Ford
1FMCU0GX2DUB54241,SE,2013,Escape,Ford
1FMCU9GD3JUA19162,SE,2018,Escape,Ford
1FMCU9D79BKB21836,XLT,2011,Escape,Ford
1FMCU9GD6JUC69673,SE,2018,Escape,Ford
1FMCU9HD6JUB86646,SEL,2018,Escape,Ford
1FMCU9DG9CKA43463,XLT,2012,Escape,Ford
1FMCU0GD2HUD75088,SE,2017,Escape,Ford
1FMCU0GDXHUD17830,SE,2017,Escape,Ford
1FMCU0GDXKUA61227,SE,2019,Escape,Ford
1FMCU0DG7BKB82596,XLT,2011,Escape,Ford
1FMCU0GX5DUB94412,SE,2013,Escape,Ford
1FMCU047X9KB26999,Limited,2009,Escape,Ford
1FMCU0G94FUB71319,SE,2015,Escape,Ford
1FMCU9DG8BKA49110,XLT,2011,Escape,Ford
1FMCU9E71CKC41369,Limited,2012,Escape,Ford
1FMCU9GX8GUC29999,SE,2016,Escape,Ford
1FMCU0GX4EUB70085,SE,2014,Escape,Ford
1FMCU9GX0FUA94063,SE,2015,Escape,Ford
1FMCU0GXXEUB60306,SE,2014,Escape,Ford
1FMCU03749KC03738,XLT,2009,Escape,Ford
1FMYU03182KC17780,XLT,2002,Escape,Ford
1FMCU0GD3KUA24164,SE,2019,Escape,Ford
1FMYU03163KC17293,XLT,2003,Escape,Ford
1FMYU93183KA06472,XLT,2003,Escape,Ford
1FMCU0GD9HUE33942,SE,2017,Escape,Ford
1FMCU0GX4GUB95345,SE,2016,Escape,Ford
1FMCU9G96EUA41674,SE,2014,Escape,Ford
1FMCU0GD4HUD65341,SE,2017,Escape,Ford
1FMCU9DG8BKC50392,XLT,2011,Escape,Ford
1FMCU0GD8KUA47777,SE,2019,Escape,Ford
1FMCU9DG5CKA05485,XLT,2012,Escape,Ford
1FMCU0GD7HUA22202,SE,2017,Escape,Ford
1FMCU0H99DUB45391,SEL,2013,Escape,Ford
1FMCU0F76FUB47460,S,2015,Escape,Ford
1FMCU0JX5EUB76339,Titanium,2014,Escape,Ford
1FMCU9GX7FUB28029,SE,2015,Escape,Ford
1FMCU0GD5HUD75358,SE,2017,Escape,Ford
1FMCU9G9XFUC11939,SE,2015,Escape,Ford
1FMCU0GX1DUA39775,SE,2013,Escape,Ford
1FMCU0C74CKC64594,XLS,2012,Escape,Ford
1FMCU0D78AKB11874,XLT,2010,Escape,Ford
1FMCU0GD0HUC46055,SE,2017,Escape,Ford
1FMCU0DGXCKA27512,XLT,2012,Escape,Ford
1FMCU9GX5DUD94310,SE,2013,Escape,Ford
1FMYU03184KB49645,XLT,2004,Escape,Ford
1FMCU9GX6FUC58125,SE,2015,Escape,Ford
1FMCU93G99KD05198,XLT,2009,Escape,Ford
1FMYU03105KA80094,XLT,2005,Escape,Ford
1FMCU0D76CKC60948,XLT,2012,Escape,Ford
1FMCU9GD6KUA77980,SE,2019,Escape,Ford
1FMCU0G65LUC24143,SE,2020,Escape,Ford
1FMCU02739KB19508,XLS,2009,Escape,Ford
1FMCU9GD8HUC88560,SE,2017,Escape,Ford
1FMCU9DG3AKD12523,XLT,2010,Escape,Ford
1FMCU0F71HUE33932,S,2017,Escape,Ford
1FMCU0G78GUB70304,SE,2016,Escape,Ford
1FMCU0GXXFUA23920,SE,2015,Escape,Ford
1FMCU9GX4GUA28424,SE,2016,Escape,Ford
1FMCU9JD5HUD09485,Titanium,2017,Escape,Ford
1FMCU0GXXEUC46019,SE,2014,Escape,Ford
1FMCU0GX1DUB94133,SE,2013,Escape,Ford
1FMCU93188KC40662,XLT,2008,Escape,Ford
1FMCU9GD9JUB61418,SE,2018,Escape,Ford
1FMCU0GD4JUA63005,SE,2018,Escape,Ford
1FMCU0GD7JUB52020,SE,2018,Escape,Ford
1FMCU0GD2JUB61790,SE,2018,Escape,Ford
1FMYU03106KB47746,XLT,2006,Escape,Ford
1FMCU0HX6DUA58272,SEL,2013,Escape,Ford
1FMCU0EG1AKB42544,Limited,2010,Escape,Ford
1FMCU0GD0HUA90650,SE,2017,Escape,Ford
1FMCU0F73EUD92540,S,2014,Escape,Ford
1FMCU9DG0BKA43530,XLT,2011,Escape,Ford
1FMCU0D74BKB90381,XLT,2011,Escape,Ford
1FMCU9G69LUA74266,SE,2020,Escape,Ford
1FMCU9C72AKD40766,XLS,2010,Escape,Ford
1FMCU0G71FUA41335,SE,2015,Escape,Ford
1FMCU0GX4FUA31043,SE,2015,Escape,Ford
1FMCU9G9XDUD23427,SE,2013,Escape,Ford
1FMCU0GXXGUA20243,SE,2016,Escape,Ford
1FMCU9G92EUA68368,SE,2014,Escape,Ford
1FMCU9G64LUB19002,SE,2020,Escape,Ford
1FMCU9J92FUB92442,Titanium,2015,Escape,Ford
1FMCU9DG3AKC07271,XLT,2010,Escape,Ford
1FMCU94739KA14873,Limited,2009,Escape,Ford
1FMCU0GX2FUA24429,SE,2015,Escape,Ford
1FMCU9GXXEUB85873,SE,2014,Escape,Ford
1FMCU0JX6GUB25595,Titanium,2016,Escape,Ford
1FMCU03719KC57353,XLT,2009,Escape,Ford
1FMYU04161KF16293,XLT,2001,Escape,Ford
1FMCU0EG6CKC80700,Limited,2012,Escape,Ford
1FMCU0JXXFUC77314,Titanium,2015,Escape,Ford
1FMCU9G99HUB28862,SE,2017,Escape,Ford
1FMCU9G94FUA16581,SE,2015,Escape,Ford
1FMCU0GX1EUA52222,SE,2014,Escape,Ford
1FMCU0J99GUA07753,Titanium,2016,Escape,Ford
1FMYU041X1KA58175,XLT,2001,Escape,Ford
1FMCU0GD1HUC22895,SE,2017,Escape,Ford
1FMCU0GX4DUD52285,SE,2013,Escape,Ford
1FMCU0EG5AKC48897,Limited,2010,Escape,Ford
1FMCU0GX3DUC49083,SE,2013,Escape,Ford
1FMCU9J92EUA37632,Titanium,2014,Escape,Ford
1FMYU93185KB16036,XLT,2005,Escape,Ford
1FMCU9H90DUB98680,SEL,2013,Escape,Ford
1FMCU0GX4EUB26670,SE,2014,Escape,Ford
1FMCU0G76GUA20241,SE,2016,Escape,Ford
1FMCU9G95FUA90513,SE,2015,Escape,Ford
1FMCU9GD2JUD07352,SE,2018,Escape,Ford
1FMCU0GDXHUD26740,SE,2017,Escape,Ford
1FMCU0D79AKA62930,XLT,2010,Escape,Ford
1FMCU9GD4HUB39451,SE,2017,Escape,Ford
1FMCU9G98EUB78728,SE,2014,Escape,Ford
1FMCU0J90DUA52690,Titanium,2013,Escape,Ford
1FMCU0HD4KUB11490,SEL,2019,Escape,Ford
1FMCU9HD5KUB25080,SEL,2019,Escape,Ford
1FMCU0G90FUA66955,SE,2015,Escape,Ford
1FMCU0J94EUB43401,Titanium,2014,Escape,Ford
1FMCU0GX3GUA43332,SE,2016,Escape,Ford
1FMCU0GX0EUA61493,SE,2014,Escape,Ford
1FMCU9J94KUA98086,Titanium,2019,Escape,Ford
1FMCU9G99DUB32114,SE,2013,Escape,Ford
1FMCU9GD3JUD28436,SE,2018,Escape,Ford
1FMCU9J98HUB51641,Titanium,2017,Escape,Ford
1FMCU0F71GUA96094,S,2016,Escape,Ford
1FMCU0H64LUA59085,SEL,2020,Escape,Ford
1FMCU0GD7KUB55386,SE,2019,Escape,Ford
1FMCU9EG3CKC40854,Limited,2012,Escape,Ford
1FMCU0HX0DUC33714,SEL,2013,Escape,Ford
1FMCU03759KA13317,XLT,2009,Escape,Ford
1FMCU0GD7HUA91617,SE,2017,Escape,Ford
1FMCU9GD9JUA73985,SE,2018,Escape,Ford
1FMCU0GD2JUA03272,SE,2018,Escape,Ford
1FMCU9GD1KUC24528,SE,2019,Escape,Ford
1FMCU0GD0HUE06337,SE,2017,Escape,Ford
1FMCU0GX9FUC23655,SE,2015,Escape,Ford
1FMCU9DG0CKB28451,XLT,2012,Escape,Ford
1FMCU9GD9HUA69249,SE,2017,Escape,Ford
1FMCU0GX5GUC40406,SE,2016,Escape,Ford
1FMCU0GD2HUA91895,SE,2017,Escape,Ford
1FMCU0J98HUA60445,Titanium,2017,Escape,Ford
1FMCU0G90HUD09246,SE,2017,Escape,Ford
1FMCU9GD4KUA70218,SE,2019,Escape,Ford
1FMCU9J99HUD74965,Titanium,2017,Escape,Ford
1FMCU0D74BKC17188,XLT,2011,Escape,Ford
1FMCU0GD0HUB41757,SE,2017,Escape,Ford
1FMCU03155DA08564,XLT,2005,Escape,Ford
1FMCU0DG8BKB52278,XLT,2011,Escape,Ford
1FMCU0J97EUB71158,Titanium,2014,Escape,Ford
1FMCU0GX9GUB68979,SE,2016,Escape,Ford
1FMCU03709KC66299,XLT,2009,Escape,Ford
1FMCU0GD7JUB70985,SE,2018,Escape,Ford
1FMCU9HD0KUA98077,SEL,2019,Escape,Ford
1FMCU0F75EUE56495,S,2014,Escape,Ford
1FMCU0GD6JUD49504,SE,2018,Escape,Ford
1FMCU0EG0CKC40242,Limited,2012,Escape,Ford
1FMCU0J94FUB92440,Titanium,2015,Escape,Ford
1FMCU9J94FUB01851,Titanium,2015,Escape,Ford
1FMCU9G95EUA92051,SE,2014,Escape,Ford
1FMCU9DZXNUA22033,Titanium Hybrid,2022,Escape,Ford
1FMCU0J98EUB60783,Titanium,2014,Escape,Ford
1FMCU0GX9EUC38347,SE,2014,Escape,Ford
1FMCU9DG4CKA06188,XLT,2012,Escape,Ford
1FMCU9J9XJUA12567,Titanium,2018,Escape,Ford
1FMCU04729KC81093,Limited,2009,Escape,Ford
1FMCU0F76DUA20575,S,2013,Escape,Ford
1FMCU0GX9EUA75618,SE,2014,Escape,Ford
1FMCU03759KB11490,XLT,2009,Escape,Ford
1FMCU0DGXBKC41012,XLT,2011,Escape,Ford
1FMCU0GD4HUC47838,SE,2017,Escape,Ford
1FMYU03112KD13640,XLT,2002,Escape,Ford
1FMCU9HD0JUB70975,SEL,2018,Escape,Ford
1FMCU0G70FUA51225,SE,2015,Escape,Ford
1FMYU03125DA15378,XLT,2005,Escape,Ford
1FMCU0GD0HUA22199,SE,2017,Escape,Ford
1FMCU9EG5BKB64732,Limited,2011,Escape,Ford
1FMCU0GX3DUD16944,SE,2013,Escape,Ford
1FMCU04154KB09192,Limited,2004,Escape,Ford
1FMYU03101KE76150,XLT,2001,Escape,Ford
1FMCU0JD6HUC07382,Titanium,2017,Escape,Ford
1FMCU9J95JUD30578,Titanium,2018,Escape,Ford
1FMCU0F73DUC60943,S,2013,Escape,Ford
1FMCU0J98EUB14600,Titanium,2014,Escape,Ford
1FMCU0GD2KUB32324,SE,2019,Escape,Ford
1FMCU0GX1EUA69277,SE,2014,Escape,Ford
1FMCU0GD6JUC47152,SE,2018,Escape,Ford
1FMCU0H63LUA68554,SEL,2020,Escape,Ford
1FMCU0GX5FUC27931,SE,2015,Escape,Ford
1FMCU0GD0JUA21205,SE,2018,Escape,Ford
1FMYU03192KC49296,XLT,2002,Escape,Ford
1FMCU9J95FUC46395,Titanium,2015,Escape,Ford
1FMYU93105KE40226,XLT,2005,Escape,Ford
1FMYU04102KA36414,XLT,2002,Escape,Ford
1FMCU0J94DUA85675,Titanium,2013,Escape,Ford
1FMCU9GD9KUA61756,SE,2019,Escape,Ford
1FMCU0GD6HUE22879,SE,2017,Escape,Ford
1FMCU0GD9HUC75151,SE,2017,Escape,Ford
1FMCU9G60LUC05567,SE,2020,Escape,Ford
1FMCU04G89KA57813,Limited,2009,Escape,Ford
1FMYU02174KA15517,Duratec,2004,Escape,Ford
1FMCU0GD3JUB52015,SE,2018,Escape,Ford
1FMCU0GX6GUA28419,SE,2016,Escape,Ford
1FMCU0GX1FUB47932,SE,2015,Escape,Ford
1FMCU03739KA21965,XLT,2009,Escape,Ford
1FMCU0GX4FUC76117,SE,2015,Escape,Ford
1FMCU02719KB19507,XLS,2009,Escape,Ford
1FMCU9J90JUC79894,Titanium,2018,Escape,Ford
1FMCU9DG5CKB55709,XLT,2012,Escape,Ford
1FMCU9GD1JUB06915,SE,2018,Escape,Ford
1FMCU0GD6HUE46275,SE,2017,Escape,Ford
1FMCU0F74EUD49552,S,2014,Escape,Ford
1FMCU0JX5EUC36197,Titanium,2014,Escape,Ford
1FMCU0HX1DUB53970,SEL,2013,Escape,Ford
1FMCU0D73CKC78498,XLT,2012,Escape,Ford
1FMCU0GD3JUB70983,SE,2018,Escape,Ford
1FMCU0GD1HUE70080,SE,2017,Escape,Ford
1FMCU0G9XDUA83968,SE,2013,Escape,Ford
1FMYU93124KA20076,XLT Duratec,2004,Escape,Ford
1FMCU94128KB06244,Limited,2008,Escape,Ford
1FMCU0D77BKC28847,XLT,2011,Escape,Ford
1FMCU04121KB12210,XLT,2001,Escape,Ford
1FMCU9G92HUE33944,SE,2017,Escape,Ford
1FMCU0JD5HUB41410,Titanium,2017,Escape,Ford
1FMCU0J91EUE57975,Titanium,2014,Escape,Ford
1FMCU0GX2GUA28420,SE,2016,Escape,Ford
1FMYU02ZX5KA32903,XLS,2005,Escape,Ford
1FMCU9J9XFUA40750,Titanium,2015,Escape,Ford
1FMCU94G39KC59799,Limited,2009,Escape,Ford
1FMCU04157KB89372,Limited,2007,Escape,Ford
1FMCU0GD1JUC69348,SE,2018,Escape,Ford
1FMCU9GD5HUA22249,SE,2017,Escape,Ford
1FMCU0GX0EUC38348,SE,2014,Escape,Ford
1FMCU0D72AKA11897,XLT,2010,Escape,Ford
1FMCU0EG1CKC63576,Limited,2012,Escape,Ford
1FMCU9G97FUC76487,SE,2015,Escape,Ford
1FMCU0GD6JUB70959,SE,2018,Escape,Ford
1FMYU031X6KC04129,XLT,2006,Escape,Ford
1FMCU0G90EUC74977,SE,2014,Escape,Ford
1FMCU0HD4KUC01044,SEL,2019,Escape,Ford
1FMCU9DG6BKA99763,XLT,2011,Escape,Ford
1FMCU0J99HUE33671,Titanium,2017,Escape,Ford
1FMCU0GX5FUC77289,SE,2015,Escape,Ford
1FMCU9J99HUA65142,Titanium,2017,Escape,Ford
1FMCU9GX7EUB73244,SE,2014,Escape,Ford
1FMCU0G96HUE53481,SE,2017,Escape,Ford
1FMCU0F78JUC05173,S,2018,Escape,Ford
1FMCU0F77EUE50777,S,2014,Escape,Ford
1FMCU9EG2CKB40616,Limited,2012,Escape,Ford
1FMCU0GD7HUE77079,SE,2017,Escape,Ford
1FMCU0GD5HUA38186,SE,2017,Escape,Ford
1FMCU9J94HUF04229,Titanium,2017,Escape,Ford
1FMCU0GD5JUB70984,SE,2018,Escape,Ford
1FMCU9DG4BKB04491,XLT,2011,Escape,Ford
1FMCU0HD8JUA83062,SEL,2018,Escape,Ford
1FMCU0G91EUC91691,SE,2014,Escape,Ford
1FMCU0J93DUC12318,Titanium,2013,Escape,Ford
1FMCU9GXXGUA28735,SE,2016,Escape,Ford
1FMCU9HD7KUB25078,SEL,2019,Escape,Ford
1FMCU0E78BKA28803,Limited,2011,Escape,Ford
1FMCU0G92HUB01157,SE,2017,Escape,Ford
1FMCU9GX3DUB16568,SE,2013,Escape,Ford
1FMCU9GX7DUB30456,SE,2013,Escape,Ford
1FMCU9J9XKUB24626,Titanium,2019,Escape,Ford
1FMCU0GD5JUB76591,SE,2018,Escape,Ford
1FMCU0J96EUB43870,Titanium,2014,Escape,Ford
1FMCU0HX9DUC22324,SEL,2013,Escape,Ford
1FMCU0F77HUA21577,S,2017,Escape,Ford
1FMCU0GD0HUC99547,SE,2017,Escape,Ford
1FMCU02709KC80513,XLS,2009,Escape,Ford
1FMCU0GD1HUE69897,SE,2017,Escape,Ford
1FMCU0G9XEUB60310,SE,2014,Escape,Ford
1FMCU0F76FUC60437,S,2015,Escape,Ford
1FMCU9G95EUE38051,SE,2014,Escape,Ford
1FMCU0F73GUB14479,S,2016,Escape,Ford
1FMCU0GX7GUA83235,SE,2016,Escape,Ford
1FMCU9J95EUD86820,Titanium,2014,Escape,Ford
1FMCU9G95HUD27360,SE,2017,Escape,Ford
1FMCU9GD8KUA61750,SE,2019,Escape,Ford
1FMCU0D75BKB90387,XLT,2011,Escape,Ford
1FMCU0JX9EUA76017,Titanium,2014,Escape,Ford
1FMYU04185KA70170,Limited,2005,Escape,Ford
1FMCU0GD9HUE53480,SE,2017,Escape,Ford
1FMCU9J90EUE25071,Titanium,2014,Escape,Ford
1FMYU03134KA89984,XLT,2004,Escape,Ford
1FMCU0H6XLUB10329,SEL,2020,Escape,Ford
1FMCU0F74GUA69990,S,2016,Escape,Ford
1FMCU0D78AKD18622,XLT,2010,Escape,Ford
1FMCU9GD7JUB70912,SE,2018,Escape,Ford
1FMCU03749KC59291,XLT,2009,Escape,Ford
1FMCU03158KC33003,XLT,2008,Escape,Ford
1FMCU0GD3HUC63691,SE,2017,Escape,Ford
1FMCU0F74EUB78723,S,2014,Escape,Ford
1FMCU9HD1KUB25075,SEL,2019,Escape,Ford
1FMCU9EG6CKB16898,Limited,2012,Escape,Ford
1FMCU0GD1JUB52014,SE,2018,Escape,Ford
1FMCU9GXXFUC34863,SE,2015,Escape,Ford
1FMCU9JD2HUB78225,Titanium,2017,Escape,Ford
1FMCU0G99HUD09245,SE,2017,Escape,Ford
1FMCU0GX6EUD24019,SE,2014,Escape,Ford
1FMCU0GD0JUC46711,SE,2018,Escape,Ford
1FMCU9G92EUA44717,SE,2014,Escape,Ford
1FMCU0HX8DUD66124,SEL,2013,Escape,Ford
1FMCU0GX2DUB22583,SE,2013,Escape,Ford
1FMCU0G74FUA77052,SE,2015,Escape,Ford
1FMCU0J90FUB92449,Titanium,2015,Escape,Ford
1FMCU0EG7CKC80530,Limited,2012,Escape,Ford
1FMYU04141KC55763,XLT,2001,Escape,Ford
1FMCU0DG9BKA41612,XLT,2011,Escape,Ford
1FMCU0J91DUA99775,Titanium,2013,Escape,Ford
1FMCU0GD2JUC75143,SE,2018,Escape,Ford
1FMCU0GD6HUD39307,SE,2017,Escape,Ford
1FMYU03113KC42098,XLT,2003,Escape,Ford
1FMCU03749KC48419,XLT,2009,Escape,Ford
1FMCU0JX4EUE50193,Titanium,2014,Escape,Ford
1FMCU93G39KA56753,XLT,2009,Escape,Ford
1FMCU9GX4EUC01436,SE,2014,Escape,Ford
1FMCU0GX7GUB19781,SE,2016,Escape,Ford
1FMCU9GX6GUB78485,SE,2016,Escape,Ford
1FMCU0F77FUA40711,S,2015,Escape,Ford
1FMCU9HX8DUA77359,SEL,2013,Escape,Ford
1FMCU0GD8KUA32941,SE,2019,Escape,Ford
1FMCU9GX6FUC27554,SE,2015,Escape,Ford
1FMCU9G62LUA31016,SE,2020,Escape,Ford
1FMCU9J94HUA91874,Titanium,2017,Escape,Ford
1FMCU02Z28KC32723,XLS,2008,Escape,Ford
1FMCU0HDXJUD35667,SEL,2018,Escape,Ford
1FMCU0GX8DUA33648,SE,2013,Escape,Ford
1FMYU03115KC23554,XLT,2005,Escape,Ford
1FMCU0JD9HUB78220,Titanium,2017,Escape,Ford
1FMCU0GD8JUD42098,SE,2018,Escape,Ford
1FMCU9HDXJUA34319,SEL,2018,Escape,Ford
1FMCU0EG3AKB64772,Limited,2010,Escape,Ford
1FMCU0GX0GUA95307,SE,2016,Escape,Ford
1FMCU9G9XHUC47827,SE,2017,Escape,Ford
1FMCU0F75HUE28622,S,2017,Escape,Ford
1FMCU9G64NUA29495,SE,2022,Escape,Ford
1FMCU03148KE75491,XLT,2008,Escape,Ford
1FMCU9GXXEUD07745,SE,2014,Escape,Ford
1FMCU0JX6EUA99674,Titanium,2014,Escape,Ford
1FMCU0E74AKA63188,Limited,2010,Escape,Ford
1FMCU0D79BKA37821,XLT,2011,Escape,Ford
1FMCU9J9XEUE24266,Titanium,2014,Escape,Ford
1FMCU9EG8BKC37074,Limited,2011,Escape,Ford
1FMCU0GD4JUD57682,SE,2018,Escape,Ford
1FMCU0GDXJUC85855,SE,2018,Escape,Ford
1FMCU0F73EUE38044,S,2014,Escape,Ford
1FMCU0J97FUB44804,Titanium,2015,Escape,Ford
1FMCU03739KC66006,XLT,2009,Escape,Ford
1FMCU0GD9HUD92762,SE,2017,Escape,Ford
1FMCU0F70JUC79879,S,2018,Escape,Ford
1FMCU9GX9GUC87524,SE,2016,Escape,Ford
1FMCU9GD2KUA98065,SE,2019,Escape,Ford
1FMCU9GX4DUB17017,SE,2013,Escape,Ford
1FMCU0H99DUB22578,SEL,2013,Escape,Ford
1FMCU0J93DUC46341,Titanium,2013,Escape,Ford
1FMCU0F77DUD67896,S,2013,Escape,Ford
1FMCU0GX3EUA69412,SE,2014,Escape,Ford
1FMCU0GX2GUA75186,SE,2016,Escape,Ford
1FMCU0GD1KUC51174,SE,2019,Escape,Ford
1FMCU03759KA20820,XLT,2009,Escape,Ford
1FMCU93188KC70342,XLT,2008,Escape,Ford
1FMCU9J93FUC77600,Titanium,2015,Escape,Ford
1FMCU0GD7HUB87313,SE,2017,Escape,Ford
1FMCU0J9XEUB96796,Titanium,2014,Escape,Ford
1FMCU0GD0HUB99450,SE,2017,Escape,Ford
1FMYU03193KA11563,XLT,2003,Escape,Ford
1FMCU94165KC78935,Limited,2005,Escape,Ford
1FMYU041X2KB97823,XLT,2002,Escape,Ford
1FMCU9GX8DUA20337,SE,2013,Escape,Ford
1FMCU9G92EUA30638,SE,2014,Escape,Ford
1FMCU0G93EUB60309,SE,2014,Escape,Ford
1FMCU93Z38KA68756,XLT,2008,Escape,Ford
1FMCU0EG2AKC12875,Limited,2010,Escape,Ford
1FMCU0GX4EUB14423,SE,2014,Escape,Ford
1FMCU0GD4HUC94660,SE,2017,Escape,Ford
1FMCU9J98EUB06808,Titanium,2014,Escape,Ford
1FMCU0GX6DUB94130,SE,2013,Escape,Ford
1FMCU0J98EUD08091,Titanium,2014,Escape,Ford
1FMCU03GX9KB09721,XLT,2009,Escape,Ford
1FMCU9JDXHUD26699,Titanium,2017,Escape,Ford
1FMCU9HD8JUC73870,SEL,2018,Escape,Ford
1FMCU9G98HUB59424,SE,2017,Escape,Ford
1FMCU0J90EUB84429,Titanium,2014,Escape,Ford
1FMCU9GD0HUA68703,SE,2017,Escape,Ford
1FMYU041X1KB52086,XLT,2001,Escape,Ford
1FMCU9GD2HUD65634,SE,2017,Escape,Ford
1FMCU9GX7DUD01058,SE,2013,Escape,Ford
1FMCU0GX7FUA14866,SE,2015,Escape,Ford
1FMCU0GX5GUC22049,SE,2016,Escape,Ford
1FMCU0GXXEUA35841,SE,2014,Escape,Ford
1FMCU9GX4FUA24307,SE,2015,Escape,Ford
1FMCU0GD9HUB20910,SE,2017,Escape,Ford
1FMCU0GX3EUB64312,SE,2014,Escape,Ford
1FMCU0GD2JUA51970,SE,2018,Escape,Ford
1FMCU0G92FUA39272,SE,2015,Escape,Ford
1FMCU0HX0DUD85184,SEL,2013,Escape,Ford
1FMCU0J9XEUB43872,Titanium,2014,Escape,Ford
1FMCU0GX1GUB70659,SE,2016,Escape,Ford
1FMCU9J97DUB62785,Titanium,2013,Escape,Ford
1FMCU0JXXEUB60315,Titanium,2014,Escape,Ford
1FMCU9GD9KUA98063,SE,2019,Escape,Ford
1FMCU0HX1DUA46532,SEL,2013,Escape,Ford
1FMCU0JXXEUE38047,Titanium,2014,Escape,Ford
1FMCU0F71GUC07999,S,2016,Escape,Ford
1FMCU0GD6HUA47768,SE,2017,Escape,Ford
1FMCU0EG8CKA56716,Limited,2012,Escape,Ford
1FMCU0EG7CKC04046,Limited,2012,Escape,Ford
1FMCU0H96DUC13162,SEL,2013,Escape,Ford
1FMCU9J94HUB41415,Titanium,2017,Escape,Ford
1FMCU0GXXEUB95816,SE,2014,Escape,Ford
1FMCU0G73FUC77596,SE,2015,Escape,Ford
1FMCU0GX1EUD71765,SE,2014,Escape,Ford
1FMCU9GD8JUA43697,SE,2018,Escape,Ford
1FMCU0GD4HUA37997,SE,2017,Escape,Ford
1FMCU9G69LUA30283,SE,2020,Escape,Ford
1FMYU01132KA07056,XLS Duratec,2002,Escape,Ford
1FMCU0EGXBKA32500,Limited,2011,Escape,Ford
1FMCU0GX1EUD36868,SE,2014,Escape,Ford
1FMCU9J91KUA15357,Titanium,2019,Escape,Ford
1FMCU9GX4DUA71432,SE,2013,Escape,Ford
IFMYU03183KE19519,XLT,2003,Escape,Ford
1FMCU0GDXJUB09971,SE,2018,Escape,Ford
1FMCU9G9XHUB75432,SE,2017,Escape,Ford
1FMCU0JX4EUD64284,Titanium,2014,Escape,Ford
1FMYU031X7KA59868,XLT,2007,Escape,Ford
1FMCU0GD6HUD38352,SE,2017,Escape,Ford
1FMCU0GX1EUC66904,SE,2014,Escape,Ford
1FMCU9JX8FUB04086,Titanium,2015,Escape,Ford
1FMCU9EG4CKA59178,Limited,2012,Escape,Ford
1FMCU0GX8DUA77567,SE,2013,Escape,Ford
1FMCU0GD2HUA12757,SE,2017,Escape,Ford
1FMCU9J92EUE56466,Titanium,2014,Escape,Ford
1FMCU0G94DUB69986,SE,2013,Escape,Ford
1FMCU0GD6JUB09983,SE,2018,Escape,Ford
1FMCU9BZ8MUA29788,SE Hybrid,2021,Escape,Ford
1FMCU0GX8EUA28922,SE,2014,Escape,Ford
1FMCU9J96FUA60378,Titanium,2015,Escape,Ford
1FMYU93134KB21482,XLT Duratec,2004,Escape,Ford
1FMCU0G99GUC65813,SE,2016,Escape,Ford
1FMCU0GD9HUE46268,SE,2017,Escape,Ford
1FMCU94719KA07470,Limited,2009,Escape,Ford
1FMYU03133KB80588,XLT,2003,Escape,Ford
1FMCU0G98GUA83407,SE,2016,Escape,Ford
1FMCU0F76EUD33613,S,2014,Escape,Ford
1FMCU0J94JUC58543,Titanium,2018,Escape,Ford
1FMCU0D73CKA83145,XLT,2012,Escape,Ford
1FMCU9G94FUB37496,SE,2015,Escape,Ford
1FMCU0GD2HUB59421,SE,2017,Escape,Ford
1FMCU9GX8GUA83409,SE,2016,Escape,Ford
1FMCU0D75BKA06825,XLT,2011,Escape,Ford
1FMCU0GX5FUB47934,SE,2015,Escape,Ford
1FMCU9H9XLUA30284,SEL,2020,Escape,Ford
1FMCU0G92EUC43097,SE,2014,Escape,Ford
1FMCU0GD4KUA16641,SE,2019,Escape,Ford
1FMCU9G62LUB84883,SE,2020,Escape,Ford
1FMCU9G62LUB00352,SE,2020,Escape,Ford
1FMCU0GD3HUD75360,SE,2017,Escape,Ford
1FMCU0GD3HUC86629,SE,2017,Escape,Ford
1FMCU0GX3DUA11427,SE,2013,Escape,Ford
1FMCU0GD5JUD03534,SE,2018,Escape,Ford
1FMCU0DG6AKA54980,XLT,2010,Escape,Ford
1FMCU0J95EUB07412,Titanium,2014,Escape,Ford
1FMCU9J96JUD28242,Titanium,2018,Escape,Ford
1FMCU0GD3JUB09973,SE,2018,Escape,Ford
1FMCU0GD4HUA29494,SE,2017,Escape,Ford
1FMCU9GX2FUB32196,SE,2015,Escape,Ford
1FMCU9GD5JUA90640,SE,2018,Escape,Ford
1FMCU9J92GUA82962,Titanium,2016,Escape,Ford
1FMCU0G98HUE53482,SE,2017,Escape,Ford
1FMCU0G91HUE57390,SE,2017,Escape,Ford
1FMCU9HD9JUC79886,SEL,2018,Escape,Ford
1FMCU9H95DUC11441,SEL,2013,Escape,Ford
1FMCU9GXXFUA51107,SE,2015,Escape,Ford
1FMCU9HD2JUC03359,SEL,2018,Escape,Ford
1FMCU9HD7JUA99144,SEL,2018,Escape,Ford
1FMCU0GD4JUC32696,SE,2018,Escape,Ford
1FMCU0G91FUA80315,SE,2015,Escape,Ford
1FMCU0GXXEUE10885,SE,2014,Escape,Ford
1FMCU9GD3JUA08968,SE,2018,Escape,Ford
1FMCU0GX3GUA82146,SE,2016,Escape,Ford
1FMCU0HX0DUA52760,SEL,2013,Escape,Ford
1FMCU0GD1HUB20903,SE,2017,Escape,Ford
1FMCU0HX2DUC33813,SEL,2013,Escape,Ford
1FMCU0JX0GUB46328,Titanium,2016,Escape,Ford
1FMYU93104KA43288,XLT Duratec,2004,Escape,Ford
1FMCU0G9XFUB47767,SE,2015,Escape,Ford
1FMCU9EG2CKC05917,Limited,2012,Escape,Ford
1FMCU0GX3DUB94134,SE,2013,Escape,Ford
1FMCU0G96FUA40733,SE,2015,Escape,Ford
1FMCU0D73BKA49088,XLT,2011,Escape,Ford
1FMCU9J93EUB71159,Titanium,2014,Escape,Ford
1FMCU0GX2EUE36722,SE,2014,Escape,Ford
1FMCU0G98EUB27872,SE,2014,Escape,Ford
1FMCU0GD5HUC46990,SE,2017,Escape,Ford
1FMCU9J99FUC46321,Titanium,2015,Escape,Ford
1FMCU0G9XEUB27873,SE,2014,Escape,Ford
1FMCU0G9XGUC09489,SE,2016,Escape,Ford
1FMCU0GXXGUC77645,SE,2016,Escape,Ford
1FMCU9GX2GUB69279,SE,2016,Escape,Ford
1FMCU0J99HUE33962,Titanium,2017,Escape,Ford
1FMCU0GX5EUD50014,SE,2014,Escape,Ford
1FMCU9GD6HUA72402,SE,2017,Escape,Ford
1FMCU9H94DUB38577,SEL,2013,Escape,Ford
1FMCU9GX5DUC44231,SE,2013,Escape,Ford
1FMCU0GD1JUC04239,SE,2018,Escape,Ford
1FMCU9GX5GUA06254,SE,2016,Escape,Ford
1FMCU9DG8BKA49124,XLT,2011,Escape,Ford
1FMCU0GX0EUA51997,SE,2014,Escape,Ford
1FMCU0EG8CKA83236,Limited,2012,Escape,Ford
1FMCU9J99GUC56414,Titanium,2016,Escape,Ford
1FMCU0G99EUA76320,SE,2014,Escape,Ford
1FMCU0J91EUA77504,Titanium,2014,Escape,Ford
1FMCU0GX1GUA65782,SE,2016,Escape,Ford
1FMCU9GD1JUA53472,SE,2018,Escape,Ford
1FMCU0GD5HUC47430,SE,2017,Escape,Ford
1FMCU0JX8FUA06879,Titanium,2015,Escape,Ford
1FMYU93163KC43266,XLT,2003,Escape,Ford
1FMCU0GX1DUA75899,SE,2013,Escape,Ford
1FMYU93133KB43822,XLT,2003,Escape,Ford
1FMYU931X3KE15377,XLT,2003,Escape,Ford
1FMCU0GX7FUC24206,SE,2015,Escape,Ford
1FMCU0GD8JUA96394,SE,2018,Escape,Ford
1FMCU0DG9BKA48317,XLT,2011,Escape,Ford
1FMCU9GD5KUC51036,SE,2019,Escape,Ford
1FMCU0GD2HUA79536,SE,2017,Escape,Ford
1FMCU9HD3KUC01055,SEL,2019,Escape,Ford
1FMCU9J97DUD76370,Titanium,2013,Escape,Ford
1FMCU0F79DUD18845,S,2013,Escape,Ford
1FMCU0GX6EUA04120,SE,2014,Escape,Ford
1FMCU9GD0JUB52378,SE,2018,Escape,Ford
1FMCU0GD8HUC68126,SE,2017,Escape,Ford
1FMCU9HD3JUA06362,SEL,2018,Escape,Ford
1FMCU92Z58KE09365,XLS,2008,Escape,Ford
1FMCU0GD8HUD91781,SE,2017,Escape,Ford
1FMCU0HD0JUD02466,SEL,2018,Escape,Ford
1FMCU0GX2GUA08457,SE,2016,Escape,Ford
1FMYU04105KA66758,Limited,2005,Escape,Ford
1FMCU9HD3KUB25076,SEL,2019,Escape,Ford
1FMCU9JD5HUB01185,Titanium,2017,Escape,Ford
1FMCU93178KB86612,XLT,2008,Escape,Ford
1FMCU0GX3EUB78727,SE,2014,Escape,Ford
1FMCU0GD7HUD83817,SE,2017,Escape,Ford
1FMCU9GDXHUC98622,SE,2017,Escape,Ford
1FMCU0HDXJUC75020,SEL,2018,Escape,Ford
1FMCU9JD7HUB38819,Titanium,2017,Escape,Ford
1FMCU9GD9JUA83075,SE,2018,Escape,Ford
1FMCU0GX0DUB69899,SE,2013,Escape,Ford
1FMCU03799KC65698,XLT,2009,Escape,Ford
1FMCU0GD7HUC86262,SE,2017,Escape,Ford
1FMCU9DG5AKD43949,XLT,2010,Escape,Ford
1FMCU9DGXBKB50844,XLT,2011,Escape,Ford
1FMCU0J92GUB06575,Titanium,2016,Escape,Ford
1FMCU9DG3AKA08284,XLT,2010,Escape,Ford
1FMCU9GD3HUC11952,SE,2017,Escape,Ford
1FMCU0GD8JUC69511,SE,2018,Escape,Ford
1FMCU0GX4GUA69888,SE,2016,Escape,Ford
1FMCU0DG3CKB02485,XLT,2012,Escape,Ford
1FMCU0GX7EUD99215,SE,2014,Escape,Ford
1FMCU03Z18KD32164,XLT,2008,Escape,Ford
1FMCU9GDXJUA43894,SE,2018,Escape,Ford
1FMCU0GD6JUC32697,SE,2018,Escape,Ford
1FMCU93178KA87708,XLT,2008,Escape,Ford
1FMCU0GD2HUD82557,SE,2017,Escape,Ford
1FMCU94144KA29130,Limited,2004,Escape,Ford
1FMCU0GXXDUA20593,SE,2013,Escape,Ford
1FMCU0JX6GUB96845,Titanium,2016,Escape,Ford
1FMCU0GD2HUE92296,SE,2017,Escape,Ford
1FMCU0HD6JUA83061,SEL,2018,Escape,Ford
1FMCU0GX5DUC33614,SE,2013,Escape,Ford
1FMCU9J93GUB57331,Titanium,2016,Escape,Ford
1FMYU03134KA36492,XLT,2004,Escape,Ford
1FMCU9GX6GUB35491,SE,2016,Escape,Ford
1FMCU9J90JUA02887,Titanium,2018,Escape,Ford
1FMCU0GX7FUA90040,SE,2015,Escape,Ford
1FMYU03165KE41523,XLT,2005,Escape,Ford
1FMCU0F79JUC79881,S,2018,Escape,Ford
1FMCU0F73GUB95337,S,2016,Escape,Ford
1FMCU9GD2KUB25071,SE,2019,Escape,Ford
1FMCU0GX9FUC59491,SE,2015,Escape,Ford
1FMCU9G96HUB66050,SE,2017,Escape,Ford
1FMCU0GX6EUB85848,SE,2014,Escape,Ford
1FMCU9G90GUC24720,SE,2016,Escape,Ford
1FMCU9J98FUA31044,Titanium,2015,Escape,Ford
1FMCU9G93DUC02674,SE,2013,Escape,Ford
1FMCU0G99GUC77802,SE,2016,Escape,Ford
1FMCU9GD8HUC62976,SE,2017,Escape,Ford
1FMCU0DG8AKB82573,XLT,2010,Escape,Ford
1FMCU0DG2BKA06782,XLT,2011,Escape,Ford
1FMCU0E70CKB02667,Limited,2012,Escape,Ford
1FMCU0G95HUE34372,SE,2017,Escape,Ford
1FMCU0GX7DUC33923,SE,2013,Escape,Ford
1FMCU0F74E4C07346,S,2014,Escape,Ford
1FMCU0HDXJUA82219,SEL,2018,Escape,Ford
1FMCU9BZ9MUA94679,SE Hybrid,2021,Escape,Ford
1FMCU9GDXHUE17642,SE,2017,Escape,Ford
1FMCU0D72AKA78144,XLT,2010,Escape,Ford
1FMCU9DG2AKA60991,XLT,2010,Escape,Ford
1FMCU0GD4JUC58151,SE,2018,Escape,Ford
1FMCU9GD7HUB14642,SE,2017,Escape,Ford
1FMCU0HD8KUA39712,SEL,2019,Escape,Ford
1FMCU0G98HUE70251,SE,2017,Escape,Ford
1FMCU0GXXFUC60441,SE,2015,Escape,Ford
1FMCU9J90EUC91694,Titanium,2014,Escape,Ford
1FMCU03G99KD16083,XLT,2009,Escape,Ford
1FMCU0GX0GUB95245,SE,2016,Escape,Ford
1FMCU0D71AKC95104,XLT,2010,Escape,Ford
1FMCU03749KC34892,XLT,2009,Escape,Ford
1FMCU0GD8JUA21565,SE,2018,Escape,Ford
1FMCU0GX2EUA04308,SE,2014,Escape,Ford
1FMCU0G99EUE50778,SE,2014,Escape,Ford
1FMCU0GX2EUA69062,SE,2014,Escape,Ford
1FMCU0GX9EUB28043,SE,2014,Escape,Ford
1FMCU9DG6AKD05923,XLT,2010,Escape,Ford
1FMCU0DG6CKA49104,XLT,2012,Escape,Ford
1FMCU0JX5GUA08462,Titanium,2016,Escape,Ford
1FMCU9D70CKC29862,XLT,2012,Escape,Ford
1FMCU0GX0GUC87522,SE,2016,Escape,Ford
1FMCU0GD9HUC77238,SE,2017,Escape,Ford
1FMCU0GX0GUC40393,SE,2016,Escape,Ford
1FMCU0J90HUB59423,Titanium,2017,Escape,Ford
1FMCU0F77GUB14114,S,2016,Escape,Ford
1FMCU9GX0GUB70723,SE,2016,Escape,Ford
1FMCU9GD8KUB77577,SE,2019,Escape,Ford
1FMCU9J91HUD65564,Titanium,2017,Escape,Ford
1FMCU0G70FUC60433,SE,2015,Escape,Ford
1FMCU9G61MUA20476,SE,2021,Escape,Ford
1FMCU02779KB63964,XLS,2009,Escape,Ford
1FMCU9C7XAKD48579,XLS,2010,Escape,Ford
1FMCU9GX7EUE10783,SE,2014,Escape,Ford
1FMCU9GXXFUC90589,SE,2015,Escape,Ford
1FMCU9GX6DUD40255,SE,2013,Escape,Ford
1FMCU0GDXHUB23265,SE,2017,Escape,Ford
1FMCU0HXXDUB38884,SEL,2013,Escape,Ford
1FMCU0F73FUB10401,S,2015,Escape,Ford
1FMCU9J90EUD73926,Titanium,2014,Escape,Ford
1FMCU9J99HUB66052,Titanium,2017,Escape,Ford
1FMCU0F76GUC09473,S,2016,Escape,Ford
1FMCU0F77EUE32652,S,2014,Escape,Ford
1FMCU0G95HUE46277,SE,2017,Escape,Ford
1FMCU0GD9KUA64054,SE,2019,Escape,Ford
1FMCU9GD4KUB55446,SE,2019,Escape,Ford
1FMCU03118KD23474,XLT,2008,Escape,Ford
1FMCU0GD3HUD75357,SE,2017,Escape,Ford
1FMCU0GX7FUA89678,SE,2015,Escape,Ford
1FMCU0GD6HUC47825,SE,2017,Escape,Ford
1FMCU03Z08KD77158,XLT,2008,Escape,Ford
1FMCU0D74AKA53830,XLT,2010,Escape,Ford
1FMCU0GD6JUB52025,SE,2018,Escape,Ford
1FMCU9GX6GUC25062,SE,2016,Escape,Ford
1FMCU0GX9GUB46092,SE,2016,Escape,Ford
1FMCU0F75DUB68667,S,2013,Escape,Ford
1FMCU9HD2KUB55461,SEL,2019,Escape,Ford
1FMCU0GDXJUD27294,SE,2018,Escape,Ford
1FMCU0HD3KUB24733,SEL,2019,Escape,Ford
1FMCU02103KC97167,XLS Duratec,2003,Escape,Ford
1FMCU9JXXGUC08757,Titanium,2016,Escape,Ford
1FMCU9GX7FUA59486,SE,2015,Escape,Ford
1FMCU0J90JUC58541,Titanium,2018,Escape,Ford
1FMCU0GX3EUC31913,SE,2014,Escape,Ford
1FMCU9DG7AKA04268,XLT,2010,Escape,Ford
1FMCU9HD0KUA98080,SEL,2019,Escape,Ford
1FMCU9JD8HUC09929,Titanium,2017,Escape,Ford
1FMCU9G98GUA20246,SE,2016,Escape,Ford
1FMCU9J9XFUA65311,Titanium,2015,Escape,Ford
1FMCU9GX0DUB47146,SE,2013,Escape,Ford
1FMCU94118KA17832,Limited,2008,Escape,Ford
1FMCU0DGXBKB45686,XLT,2011,Escape,Ford
1FMCU0GDXJUD36027,SE,2018,Escape,Ford
1FMCU9J98JUC57898,Titanium,2018,Escape,Ford
1FMCU0E78AKA10686,Limited,2010,Escape,Ford
1FMCU9J99EUB78729,Titanium,2014,Escape,Ford
1FMCU0JX1GUC24616,Titanium,2016,Escape,Ford
1FMCU9G93GUB14115,SE,2016,Escape,Ford
1FMCU9G69MUA01111,SE,2021,Escape,Ford
1FMCU0GD3JUB76590,SE,2018,Escape,Ford
1FMCU9G94DUA80018,SE,2013,Escape,Ford
1FMCU0J93EUC36149,Titanium,2014,Escape,Ford
1FMCU03G79KA63166,XLT,2009,Escape,Ford
1FMCU9GX1EUD95200,SE,2014,Escape,Ford
1FMCU9GDXHUB90212,SE,2017,Escape,Ford
1FMCU9J92GUA38055,Titanium,2016,Escape,Ford
1FMCU9G97EUD50389,SE,2014,Escape,Ford
1FMCU0GD3JUC00998,SE,2018,Escape,Ford
1FMCU0JX3EUC85947,Titanium,2014,Escape,Ford
1FMCU92759KB08708,XLS,2009,Escape,Ford
1FMCU0HDXJUA83063,SEL,2018,Escape,Ford
1FMCU0G66MUA22056,SE,2021,Escape,Ford
1FMCU03178KA14012,XLT,2008,Escape,Ford
1FMCU0G93EUB43865,SE,2014,Escape,Ford
1FMCU94198KB76100,Limited,2008,Escape,Ford
1FMCU0GX7GUA74938,SE,2016,Escape,Ford
1FMCU0J90FUA40915,Titanium,2015,Escape,Ford
1FMYU93146KA73526,XLT,2006,Escape,Ford
1FMCU9J96EUC58974,Titanium,2014,Escape,Ford
1FMCU9GD3KUA33306,SE,2019,Escape,Ford
1FMCU0D70AKC23553,XLT,2010,Escape,Ford
1FMCU9D75CKC38234,XLT,2012,Escape,Ford
1FMCU0J9XDUA71456,Titanium,2013,Escape,Ford
1FMCU0GD5JUA82887,SE,2018,Escape,Ford
1FMCU0J98JUA53159,Titanium,2018,Escape,Ford
1FMCU9GD6HUC47828,SE,2017,Escape,Ford
1FMCU0GD1JUB41028,SE,2018,Escape,Ford
1FMCU0GD3HUE70243,SE,2017,Escape,Ford
1FMCU0GD3KUB56390,SE,2019,Escape,Ford
1FMCU0GD0KUA32416,SE,2019,Escape,Ford
1FMCU9G95HUB28504,SE,2017,Escape,Ford
1FMCU0D76AKB09976,XLT,2010,Escape,Ford
1FMCU0G9XEUC20392,SE,2014,Escape,Ford
1FMCU9GXXFUC60783,SE,2015,Escape,Ford
1FMCU0GD4HUD17824,SE,2017,Escape,Ford
1FMCU94G89KB94013,Limited,2009,Escape,Ford
1FMCU9J93DUC77738,Titanium,2013,Escape,Ford
1FMCU0DGXCKC62010,XLT,2012,Escape,Ford
1FMCU9GX0DUD09552,SE,2013,Escape,Ford
1FMCU0GD0JUB09977,SE,2018,Escape,Ford
1FMCU0J90EUC75121,Titanium,2014,Escape,Ford
1FMYU03185KA01982,XLT,2005,Escape,Ford
1FMCU0GD9HUA79307,SE,2017,Escape,Ford
1FMYU04152KA91232,XLT,2002,Escape,Ford
1FMCU9G61MUA18369,SE,2021,Escape,Ford
1FMCU9H9XLUA49093,SEL,2020,Escape,Ford
1FMCU0J92HUE22222,Titanium,2017,Escape,Ford
1FMCU0GD6JUD03249,SE,2018,Escape,Ford
1FMYU03122KC47258,XLT,2002,Escape,Ford
1FMCU9J98DUC85298,Titanium,2013,Escape,Ford
1FMCU9G66MUA14060,SE,2021,Escape,Ford
1FMCU9GDXHUC70741,SE,2017,Escape,Ford
1FMCU0DG0BKB71391,XLT,2011,Escape,Ford
1FMCU9G94DUC07690,SE,2013,Escape,Ford
1FMCU0JD7HUD75175,Titanium,2017,Escape,Ford
1FMCU9J93LUB07264,Titanium,2020,Escape,Ford
1FMCU0GXXDUA39774,SE,2013,Escape,Ford
1FMCU0GDXJUC94684,SE,2018,Escape,Ford
1FMCU9G60LUB19000,SE,2020,Escape,Ford
1FMCU0GX0EUD64841,SE,2014,Escape,Ford
1FMCU9JDXHUA59922,Titanium,2017,Escape,Ford
1FMCU0GD2HUB78213,SE,2017,Escape,Ford
1FMCU9J93EUB44429,Titanium,2014,Escape,Ford
1FMCU9HD3JUA55593,SEL,2018,Escape,Ford
1FMCU0D77BKC23325,XLT,2011,Escape,Ford
1FMCU9J91HUA65152,Titanium,2017,Escape,Ford
1FMYU93135KA69529,XLT,2005,Escape,Ford
1FMCU9J91KUA33308,Titanium,2019,Escape,Ford
1FMCU0GD7HUC09780,SE,2017,Escape,Ford
1FMCU0J9XEUA99775,Titanium,2014,Escape,Ford
1FMCU0G96FUA65261,SE,2015,Escape,Ford
1FMCU0G92HUD77614,SE,2017,Escape,Ford
1FMCU0GX4FUC03572,SE,2015,Escape,Ford
1FMCU9H6XMUB06982,SEL,2021,Escape,Ford
1FMCU0J95EUA37359,Titanium,2014,Escape,Ford
1FMCU0J90EUA21215,Titanium,2014,Escape,Ford
1FMCU0F77DUA20522,S,2013,Escape,Ford
1FMCU9J99EUC91693,Titanium,2014,Escape,Ford
1FMCU9J93EUD10898,Titanium,2014,Escape,Ford
1FMCU9JD4HUD27556,Titanium,2017,Escape,Ford
1FMCU9GD9KUC36524,SE,2019,Escape,Ford
1FMCU0D73BKA06290,XLT,2011,Escape,Ford
1FMCU9HD0JUA34314,SEL,2018,Escape,Ford
1FMCU0G92FUB71318,SE,2015,Escape,Ford
1FMCU0GD8HUC62827,SE,2017,Escape,Ford
1FMCU0GD8JUC58153,SE,2018,Escape,Ford
1FMCU0GD8HUD18961,SE,2017,Escape,Ford
1FMYU941X6KB08777,Limited,2006,Escape,Ford
1FMCU94118KC30750,Limited,2008,Escape,Ford
1FMCU0G95FUB60121,SE,2015,Escape,Ford
1FMCU0GD6JUB23155,SE,2018,Escape,Ford
1FMCU0GD9KUA33984,SE,2019,Escape,Ford
1FMCU03Z38KC24094,XLT,2008,Escape,Ford
1FMCU0J94EUE09161,Titanium,2014,Escape,Ford
1FMYU03167KB51074,XLT,2007,Escape,Ford
1FMCU0GX6EUC67403,SE,2014,Escape,Ford
1FMCU9GX7FUB04085,SE,2015,Escape,Ford
1FMCU0GX2EUB45167,SE,2014,Escape,Ford
1FMCU9J99FUB18354,Titanium,2015,Escape,Ford
1FMCU9GD4KUA16613,SE,2019,Escape,Ford
1FMCU9H90DUB61550,SEL,2013,Escape,Ford
1FMCU9J92EUB27881,Titanium,2014,Escape,Ford
1FMCU9G96HUB67988,SE,2017,Escape,Ford
1FMCU0GX2EUB60302,SE,2014,Escape,Ford
1FMCU0GX9DUA47624,SE,2013,Escape,Ford
1FMCU0GD2JUB41023,SE,2018,Escape,Ford
1FMCU0GD5HUC22818,SE,2017,Escape,Ford
1FMCU0F75EUE56481,S,2014,Escape,Ford
1FMCU0GD7JUC85635,SE,2018,Escape,Ford
1FMCU9J97HUB66051,Titanium,2017,Escape,Ford
1FMCU04G89KB11546,Limited,2009,Escape,Ford
1FMCU0C7XCKC78659,XLS,2012,Escape,Ford
1FMCU9H98KUB90064,SEL,2019,Escape,Ford
1FMCU0F74DUA20574,S,2013,Escape,Ford
1FMCU0JD9HUC62800,Titanium,2017,Escape,Ford
1FMCU0GD5KUA33304,SE,2019,Escape,Ford
1FMCU9J99EUA60664,Titanium,2014,Escape,Ford
1FMCU9G99HUD30102,SE,2017,Escape,Ford
1FMCU9G68LUB18998,SE,2020,Escape,Ford
1FMCU9JD4HUB88139,Titanium,2017,Escape,Ford
1FMCU9D71CKC03089,XLT,2012,Escape,Ford
1FMCU9HXXDUD12070,SEL,2013,Escape,Ford
1FMCU9GD4KUA78576,SE,2019,Escape,Ford
1FMCU9GX3GUC29988,SE,2016,Escape,Ford
1FMCU9G9XGUB35480,SE,2016,Escape,Ford
1FMCU0GX9GUA20086,SE,2016,Escape,Ford
1FMCU0D7XAKA53217,XLT,2010,Escape,Ford
1FMCU0DG4BKA54980,XLT,2011,Escape,Ford
1FMCU9HD3JUA50622,SEL,2018,Escape,Ford
1FMCU9JD1HUA60036,Titanium,2017,Escape,Ford
1FMCU0JX4EUC67151,Titanium,2014,Escape,Ford
1FMCU9H93DUC63599,SEL,2013,Escape,Ford
1FMCU9JD0HUB14801,Titanium,2017,Escape,Ford
1FMCU0F72HUB78787,S,2017,Escape,Ford
1FMCU0F72EUB78719,S,2014,Escape,Ford
1FMCU9G93FUB04084,SE,2015,Escape,Ford
1FMCU9G95FUA50304,SE,2015,Escape,Ford
1FMCU0GDXJUA82609,SE,2018,Escape,Ford
1FMCU0GD8HUA31846,SE,2017,Escape,Ford
1FMCU9GX1DUC40709,SE,2013,Escape,Ford
1FMCU0GD4HUB78214,SE,2017,Escape,Ford
1FMCU9J91HUB78227,Titanium,2017,Escape,Ford
1FMCU0GDXJUD28235,SE,2018,Escape,Ford
1FMCU0GD1HUE92807,SE,2017,Escape,Ford
1FMCU0GX2DUA20555,SE,2013,Escape,Ford
1FMCU0GXXEUD86782,SE,2014,Escape,Ford
1FMCU0J90HUA12762,Titanium,2017,Escape,Ford
1FMCU0J96DUB38344,Titanium,2013,Escape,Ford
1FMYU03195KA32433,XLT,2005,Escape,Ford
1FMCU9GXXDUB94135,SE,2013,Escape,Ford
1FMYU03187KA30515,XLT,2007,Escape,Ford
1FMCU9HD8KUA26513,SEL,2019,Escape,Ford
1FMCU0G74GUC91959,SE,2016,Escape,Ford
1FMCU9GX2GUC87526,SE,2016,Escape,Ford
1FMCU9G67MUA97949,SE,2021,Escape,Ford
1FMCU0GD9HUB36718,SE,2017,Escape,Ford
1FMCU0GX7EUD78347,SE,2014,Escape,Ford
1FMCU0GD9JUD18957,SE,2018,Escape,Ford
1FMCU03769KC47174,XLT,2009,Escape,Ford
1FMCU9J92DUA85372,Titanium,2013,Escape,Ford
1FMCU0HX5DUB14511,SEL,2013,Escape,Ford
1FMCU9J94GUB14116,Titanium,2016,Escape,Ford
1FMCU0GX5GUA73447,SE,2016,Escape,Ford
1FMCU0GX7GUB95341,SE,2016,Escape,Ford
1FMCU03Z58KD98703,XLT,2008,Escape,Ford
1FMCU0DG7BKA91604,XLT,2011,Escape,Ford
1FMCU0GDXHUB08104,SE,2017,Escape,Ford
1FMCU0JD0HUB77702,Titanium,2017,Escape,Ford
1FMCU9J93EUE55522,Titanium,2014,Escape,Ford
1FMCU94138KA13488,Limited,2008,Escape,Ford
1FMCU9C7XAKC64701,XLS,2010,Escape,Ford
1FMCU0J90EUD00213,Titanium,2014,Escape,Ford
1FMCU0JX2EUB84351,Titanium,2014,Escape,Ford
1FMCU0GD8HUE53485,SE,2017,Escape,Ford
1FMCU9J97FUC02818,Titanium,2015,Escape,Ford
1FMCU9HD0JUA53025,SEL,2018,Escape,Ford
1FMCU0H67LUA28817,SEL,2020,Escape,Ford
1FMCU0HD9JUC04245,SEL,2018,Escape,Ford
1FMCU0G98EUC58963,SE,2014,Escape,Ford
1FMCU037X9KD06114,XLT,2009,Escape,Ford
1FMCU9EG1AKB12514,Limited,2010,Escape,Ford
1FMCU9GX9GUB93093,SE,2016,Escape,Ford
1FMCU0GD6JUD01971,SE,2018,Escape,Ford
1FMCU9J99FUC60042,Titanium,2015,Escape,Ford
1FMCU9GX4DUD06640,SE,2013,Escape,Ford
1FMCU9D72BKA18628,XLT,2011,Escape,Ford
1FMCU0J99GUC39561,Titanium,2016,Escape,Ford
1FMYU93195KC29655,XLT,2005,Escape,Ford
1FMCU9HD2JUC79812,SEL,2018,Escape,Ford
1FMCU0G96FUA50176,SE,2015,Escape,Ford
1FMCU0J96JUB82565,Titanium,2018,Escape,Ford
1FMCU03148KD83751,XLT,2008,Escape,Ford
1FMCU0GD1HUF06365,SE,2017,Escape,Ford
1FMCU9GD2JUB10598,SE,2018,Escape,Ford
1FMCU0GDXHUD39343,SE,2017,Escape,Ford
1FMCU03799KB70977,XLT,2009,Escape,Ford
1FMCU9J96EUB95827,Titanium,2014,Escape,Ford
1FMCU9GX0DUD79651,SE,2013,Escape,Ford
1FMCU93158KA26339,XLT,2008,Escape,Ford
1FMYU03133KA91510,XLT,2003,Escape,Ford
1FMCU0GX5FUB38909,SE,2015,Escape,Ford
1FMCU0GXXFUC60438,SE,2015,Escape,Ford
1FMCU9HD0JUD18963,SEL,2018,Escape,Ford
1FMCU0F7XFUC65964,S,2015,Escape,Ford
1FMCU0G72GUC39374,SE,2016,Escape,Ford
1FMCU9G91FUC47602,SE,2015,Escape,Ford
1FMCU9GX8GUB67729,SE,2016,Escape,Ford
1FMCU0GD9HUC47382,SE,2017,Escape,Ford
1FMCU9DG8AKC45661,XLT,2010,Escape,Ford
1FMYU02Z45DA26907,XLS,2005,Escape,Ford
1FMCU9EG2AKB64461,Limited,2010,Escape,Ford
1FMCU0DG2AKD26280,XLT,2010,Escape,Ford
1FMCU0EG8AKD44863,Limited,2010,Escape,Ford
1FMCU03Z48KA60001,XLT,2008,Escape,Ford
1FMCU9J95HUE92303,Titanium,2017,Escape,Ford
1FMCU0GX3FUB39069,SE,2015,Escape,Ford
1FMCU9HD7KUB55455,SEL,2019,Escape,Ford
1FMCU9H99DUD68115,SEL,2013,Escape,Ford
1FMCU9GD0HUC01363,SE,2017,Escape,Ford
1FMCU0G90GUA44066,SE,2016,Escape,Ford
1FMCU0GD2HUD75169,SE,2017,Escape,Ford
1FMCU0JD4HUD92340,Titanium,2017,Escape,Ford
1FMCU0HX9DUD67251,SEL,2013,Escape,Ford
1FMCU9J91DUC68925,Titanium,2013,Escape,Ford
1FMCU04G19KA59015,Limited,2009,Escape,Ford
1FMCU9J90EUC67170,Titanium,2014,Escape,Ford
1FMCU9G68LUA74243,SE,2020,Escape,Ford
1FMCU0EG1BKC17101,Limited,2011,Escape,Ford
1FMCU0GX3EUA59639,SE,2014,Escape,Ford
1FMCU94G39KD06314,Limited,2009,Escape,Ford
1FMCU0JDXHUB51639,Titanium,2017,Escape,Ford
1FMYU93103KE00905,XLT,2003,Escape,Ford
1FMCU0GD5KUB82134,SE,2019,Escape,Ford
1FMCU9JX1FUB18475,Titanium,2015,Escape,Ford
1FMCU9GD9HUC62145,SE,2017,Escape,Ford
1FMCU9GX6GUC87528,SE,2016,Escape,Ford
1FMCU0GXXEUC46506,SE,2014,Escape,Ford
1FMCU9J96KUB97914,Titanium,2019,Escape,Ford
1FMYU93135KB61949,XLT,2005,Escape,Ford
1FMCU9DG3CKA06053,XLT,2012,Escape,Ford
1FMCU9G93FUB28532,SE,2015,Escape,Ford
1FMCU9GD0HUA78437,SE,2017,Escape,Ford
1FMCU0GX1DUB13650,SE,2013,Escape,Ford
1FMCU0HD9JUD28239,SEL,2018,Escape,Ford
1FMCU0GD1KUA16645,SE,2019,Escape,Ford
1FMCU0GX9FUC41413,SE,2015,Escape,Ford
1FMCU0JX4EUD99357,Titanium,2014,Escape,Ford
1FMCU9JX7EUD08070,Titanium,2014,Escape,Ford
1FMCU0JX5EUA99701,Titanium,2014,Escape,Ford
1FMCU9HD3JUA21251,SEL,2018,Escape,Ford
1FMCU0GD7JUA08676,SE,2018,Escape,Ford
1FMCU9J90FUB42574,Titanium,2015,Escape,Ford
1FMCU9GX4FUB82842,SE,2015,Escape,Ford
1FMCU0F70EUA91921,S,2014,Escape,Ford
1FMCU0D72AKC46476,XLT,2010,Escape,Ford
1FMCU0F79DUC53060,S,2013,Escape,Ford
1FMCU0GX7EUC18923,SE,2014,Escape,Ford
1FMCU0D74AKC05993,XLT,2010,Escape,Ford
1FMYU01162KB29488,XLS Duratec,2002,Escape,Ford
1FMCU9J94NUA80725,Titanium,2022,Escape,Ford
1FMCU9GX9EUC90663,SE,2014,Escape,Ford
1FMCU0F79EUA92050,S,2014,Escape,Ford
1FMCU93G29KA81952,XLT,2009,Escape,Ford
1FMCU9GDXJUB71083,SE,2018,Escape,Ford
1FMCU0GD5JUC85858,SE,2018,Escape,Ford
1FMCU0JX6GUA65138,Titanium,2016,Escape,Ford
1FMCU9HD1KUB55452,SEL,2019,Escape,Ford
1FMCU9JD7HUA60378,Titanium,2017,Escape,Ford
1FMCU9H91DUB52906,SEL,2013,Escape,Ford
1FMCU93108KA28712,XLT,2008,Escape,Ford
1FMCU9H93LUA74269,SEL,2020,Escape,Ford
1FMYU04171KA93708,XLT,2001,Escape,Ford
1FMCU0D76BKB20994,XLT,2011,Escape,Ford
1FMCU9G6XLUC69132,SE,2020,Escape,Ford
1FMCU04G19KC97432,Limited,2009,Escape,Ford
1FMCU0JD1HUD75687,Titanium,2017,Escape,Ford
1FMYU02Z25KB12891,XLS,2005,Escape,Ford
1FMCU0E75CKA34561,Limited,2012,Escape,Ford
1FMCU9J93GUB22515,Titanium,2016,Escape,Ford
1FMCU0E73CKC41983,Limited,2012,Escape,Ford
1FMCU03769KB28492,XLT,2009,Escape,Ford
1FMCU9DG2AKC31142,XLT,2010,Escape,Ford
1FMCU9J96LUB16900,Titanium,2020,Escape,Ford
1FMCU9GX7GUC77560,SE,2016,Escape,Ford
1FMCU0GD2HUB41405,SE,2017,Escape,Ford
1FMCU9GD4KUB25072,SE,2019,Escape,Ford
1FMCU0GX6EUC09369,SE,2014,Escape,Ford
1FMCU9G61LUB64558,SE,2020,Escape,Ford
1FMYU93143KA25276,XLT,2003,Escape,Ford
1FMCU0GX2GUA44147,SE,2016,Escape,Ford
1FMCU0GD8HUD09497,SE,2017,Escape,Ford
1FMCU9GX9GUC40347,SE,2016,Escape,Ford
1FMCU0D73BKB96320,XLT,2011,Escape,Ford
1FMCU9G97DUC73179,SE,2013,Escape,Ford
1FMCU0JX0GUC09055,Titanium,2016,Escape,Ford
1FMCU9J96JUB41034,Titanium,2018,Escape,Ford
1FMCU0DG7BKA73751,XLT,2011,Escape,Ford
1FMCU9JD8HUC81794,Titanium,2017,Escape,Ford
1FMCU0F74FUA58955,S,2015,Escape,Ford
1FMCU9G65LUA30281,SE,2020,Escape,Ford
1FMCU0GX6EUC02843,SE,2014,Escape,Ford
1FMCU9GD1HUC16633,SE,2017,Escape,Ford
1FMCU0D71AKA43255,XLT,2010,Escape,Ford
1FMCU9G68LUB19004,SE,2020,Escape,Ford
1FMCU0F71GUB52065,S,2016,Escape,Ford
1FMCU0G70FUB26943,SE,2015,Escape,Ford
1FMCU9J94FUB59233,Titanium,2015,Escape,Ford
1FMCU0GD2JUD25135,SE,2018,Escape,Ford
1FMCU03144DA12779,XLT,2004,Escape,Ford
1FMCU0GX4GUA75092,SE,2016,Escape,Ford
1FMCU03Z78KD50166,XLT,2008,Escape,Ford
1FMCU9F64LUA28037,S,2020,Escape,Ford
1FMCU9EG7BKA00799,Limited,2011,Escape,Ford
1FMCU0JD8HUB41384,Titanium,2017,Escape,Ford
1FMCU9J98GUB33140,Titanium,2016,Escape,Ford
1FMCU0EG8CKB64575,Limited,2012,Escape,Ford
1FMCU0GX1GUC75735,SE,2016,Escape,Ford
1FMCU0J96FUA40854,Titanium,2015,Escape,Ford
1FMCU0GD0HUD83853,SE,2017,Escape,Ford
1FMCU93178KB08783,XLT,2008,Escape,Ford
1FMCU9J98EUC58975,Titanium,2014,Escape,Ford
1FMCU0GD2KUA94528,SE,2019,Escape,Ford
1FMCU0GD3HUA79318,SE,2017,Escape,Ford
1FMCU03108KE75911,XLT,2008,Escape,Ford
1FMCU0GX2FUC23903,SE,2015,Escape,Ford
1FMCU94128KC34273,Limited,2008,Escape,Ford
1FMCU9G67LUA30279,SE,2020,Escape,Ford
1FMCU9EG0CKA34391,Limited,2012,Escape,Ford
1FMCU0GD0HUD75316,SE,2017,Escape,Ford
1FMCU9J93JUD42468,Titanium,2018,Escape,Ford
1FMCU941X8KD32306,Limited,2008,Escape,Ford
1FMCU9G98JUC89256,SE,2018,Escape,Ford
1FMYU03167KA07606,XLT,2007,Escape,Ford
1FMCU0D77AKC40513,XLT,2010,Escape,Ford
1FMCU0G75GUB94544,SE,2016,Escape,Ford
1FMCU0F7XDUD01245,S,2013,Escape,Ford
1FMCU0GX6FUA77053,SE,2015,Escape,Ford
1FMCU9J93EUB59996,Titanium,2014,Escape,Ford
1FMYU041X2KC48057,XLT,2002,Escape,Ford
1FMCU9G60LUA74267,SE,2020,Escape,Ford
1FMCU0J93EUA21340,Titanium,2014,Escape,Ford
1FMCU0GD8JUA03650,SE,2018,Escape,Ford
1FMCU0GX6EUD36381,SE,2014,Escape,Ford
1FMCU9J90EUD00216,Titanium,2014,Escape,Ford
1FMCU9EG8AKD10703,Limited,2010,Escape,Ford
1FMCU9GDXKUB55449,SE,2019,Escape,Ford
1FMCU9GX4GUC53975,SE,2016,Escape,Ford
1FMCU9JD5HUD07039,Titanium,2017,Escape,Ford
1FMCU0GX7DUC92048,SE,2013,Escape,Ford
1FMCU9J91EUE09252,Titanium,2014,Escape,Ford
1FMCU0D77CKA28083,XLT,2012,Escape,Ford
1FMCU0GD5HUE33940,SE,2017,Escape,Ford
1FMCU9EG3BKA32603,Limited,2011,Escape,Ford
1FMCU0GD5HUC04559,SE,2017,Escape,Ford
1FMCU9DG5CKB76768,XLT,2012,Escape,Ford
1FMCU9J98EUB13628,Titanium,2014,Escape,Ford
1FMCU0E71CKC79731,Limited,2012,Escape,Ford
1FMCU9HD5KUB77356,SEL,2019,Escape,Ford
1FMYU93134KB88101,XLT Duratec,2004,Escape,Ford
1FMCU9G99EUC24292,SE,2014,Escape,Ford
1FMCU0G99DUC09916,SE,2013,Escape,Ford
1FMCU0D7XBKA32708,XLT,2011,Escape,Ford
1FMCU0J93EUC50603,Titanium,2014,Escape,Ford
1FMCU9DG8CKA21731,XLT,2012,Escape,Ford
1FMCU9GDXHUC45645,SE,2017,Escape,Ford
1FMCU0GD4JUC75144,SE,2018,Escape,Ford
1FMCU03749KB70417,XLT,2009,Escape,Ford
1FMCU0DG6BKA26307,XLT,2011,Escape,Ford
1FMCU9G95FUC27787,SE,2015,Escape,Ford
1FMCU0GX8GUB95445,SE,2016,Escape,Ford
1FMCU0GD6JUA96393,SE,2018,Escape,Ford
1FMCU9GXXGUB57476,SE,2016,Escape,Ford
1FMCU0GD8HUC94659,SE,2017,Escape,Ford
1FMCU0GX7EUA37465,SE,2014,Escape,Ford
1FMCU0D75AKC61585,XLT,2010,Escape,Ford
1FMCU9J94HUA55585,Titanium,2017,Escape,Ford
1FMCU0J90GUB56701,Titanium,2016,Escape,Ford
1FMCU0F70HUA49074,S,2017,Escape,Ford
1FMCU0JX5EUC74920,Titanium,2014,Escape,Ford
1FMCU9H94DUC16694,SEL,2013,Escape,Ford
1FMCU03Z68KC70289,XLT,2008,Escape,Ford
1FMCU0D77BKA04087,XLT,2011,Escape,Ford
1FMCU0G99HUC94326,SE,2017,Escape,Ford
1FMCU9HD3JUC47158,SEL,2018,Escape,Ford
1FMCU0GXXEUC83913,SE,2014,Escape,Ford
1FMCU0GD7KUA16648,SE,2019,Escape,Ford
1FMCU0F75HUD60192,S,2017,Escape,Ford
1FMCU9GD5HUA06875,SE,2017,Escape,Ford
1FMCU0JX5FUB03358,Titanium,2015,Escape,Ford
1FMYU03157KB34668,XLT,2007,Escape,Ford
1FMCU0D76AKD32194,XLT,2010,Escape,Ford
1FMCU0EG7CKB65054,Limited,2012,Escape,Ford
1FMCU0GD3HUE70257,SE,2017,Escape,Ford
1FMCU03Z68KA17201,XLT,2008,Escape,Ford
1FMCU9GD9KUC36149,SE,2019,Escape,Ford
1FMCU0GXXDUB79582,SE,2013,Escape,Ford
1FMCU0F74DUD67712,S,2013,Escape,Ford
1FMCU9J93EUD93703,Titanium,2014,Escape,Ford
1FMCU0D70CKA89033,XLT,2012,Escape,Ford
1FMCU9D70CKA78537,XLT,2012,Escape,Ford
1FMCU0GX5EUB94640,SE,2014,Escape,Ford
1FMCU0HD9JUB09989,SEL,2018,Escape,Ford
1FMCU0GX6EUC36541,SE,2014,Escape,Ford
1FMCU0HX1DUC10765,SEL,2013,Escape,Ford
1FMCU0HX1DUC13214,SEL,2013,Escape,Ford
1FMCU0EG9BKA21245,Limited,2011,Escape,Ford
1FMYU93103KA91081,XLT,2003,Escape,Ford
1FMCU0GD4HUE53287,SE,2017,Escape,Ford
1FMCU0D75AKA70247,XLT,2010,Escape,Ford
1FMCU0D7XBKC19849,XLT,2011,Escape,Ford
1FMCU9GX0FUB18622,SE,2015,Escape,Ford
1FMCU0GD7HUE06335,SE,2017,Escape,Ford
1FMCU0G98EUA49853,SE,2014,Escape,Ford
1FMCU0EG7CKC47625,Limited,2012,Escape,Ford
1FMCU0GX3GUA51981,SE,2016,Escape,Ford
1FMCU93168KD67636,XLT,2008,Escape,Ford
1FMCU0GD0HUD09249,SE,2017,Escape,Ford
1FMCU9J90KUC01083,Titanium,2019,Escape,Ford
1FMCU0GD9JUD03262,SE,2018,Escape,Ford
1FMCU0GD9HUC64747,SE,2017,Escape,Ford
1FMCU0HX7DUA57888,SEL,2013,Escape,Ford
1FMCU0H96DUC12819,SEL,2013,Escape,Ford
1FMCU0GDXHUB28501,SE,2017,Escape,Ford
1FMCU9G6XLUA30258,SE,2020,Escape,Ford
1FMCU9J98EUC74979,Titanium,2014,Escape,Ford
1FMCU0HD7KUB55435,SEL,2019,Escape,Ford
1FMCU0J9XDUC12851,Titanium,2013,Escape,Ford
1FMCU9GX2EUC60632,SE,2014,Escape,Ford
1FMCU9DG3CKB89132,XLT,2012,Escape,Ford
1FMCU0JX2FUA60078,Titanium,2015,Escape,Ford
1FMCU0GD5HUC86695,SE,2017,Escape,Ford
1FMCU0F76EUE48731,S,2014,Escape,Ford
1FMCU0G9XGUA38050,SE,2016,Escape,Ford
1FMCU03144KA97862,XLT,2004,Escape,Ford
1FMCU0J98EUB43871,Titanium,2014,Escape,Ford
1FMCU0G97FUB60119,SE,2015,Escape,Ford
1FMCU9J97KUC51172,Titanium,2019,Escape,Ford
1FMCU0GD4HUA79294,SE,2017,Escape,Ford
1FMCU0H95DUC22340,SEL,2013,Escape,Ford
1FMCU9E75BKA49175,Limited,2011,Escape,Ford
1FMCU9GX4DUB93434,SE,2013,Escape,Ford
1FMCU0HD3KUA40492,SEL,2019,Escape,Ford
1FMYU93115KE50165,XLT,2005,Escape,Ford
1FMCU9GD6HUA12765,SE,2017,Escape,Ford
1FMYU93185KD88456,XLT,2005,Escape,Ford
1FMCU9J91DUA00733,Titanium,2013,Escape,Ford
1FMCU0F7XEUB40834,S,2014,Escape,Ford
1FMCU0GD9HUE46271,SE,2017,Escape,Ford
1FMCU0GX4EUC07359,SE,2014,Escape,Ford
1FMCU0JX7EUC67189,Titanium,2014,Escape,Ford
1FMCU0GD2JUB82249,SE,2018,Escape,Ford
1FMCU0GD5HUD27357,SE,2017,Escape,Ford
1FMCU49H07KB77014,Not available in Chrome,2007,Escape Hybrid,Ford
1FMCU0GD0KUB55388,SE,2019,Escape,Ford
1FMCU9GD3HUD29595,SE,2017,Escape,Ford
1FMCU0J90EUB95222,Titanium,2014,Escape,Ford
1FMCU0GX5EUC83902,SE,2014,Escape,Ford
1FMCU9J95KUC51803,Titanium,2019,Escape,Ford
1FMCU0E73BKB40733,Limited,2011,Escape,Ford
1FMCU03719KB63022,XLT,2009,Escape,Ford
1FMCU0GD0JUB52019,SE,2018,Escape,Ford
1FMCU9GX4GUB56274,SE,2016,Escape,Ford
1FMCU0EG4CKC04893,Limited,2012,Escape,Ford
1FMYU04191KE71589,XLT,2001,Escape,Ford
1FMCU0GX9DUA99870,SE,2013,Escape,Ford
1FMCU0DG4BKA21249,XLT,2011,Escape,Ford
1FMCU9J96GUB44699,Titanium,2016,Escape,Ford
1FMCU9GDXKUA98072,SE,2019,Escape,Ford
1FMCU0GD0JUA40742,SE,2018,Escape,Ford
1FMCU0G91HUE92298,SE,2017,Escape,Ford
1FMYU03161KC19266,XLT,2001,Escape,Ford
1FMCU0GD6JUC69345,SE,2018,Escape,Ford
1FMCU0D75CKB29879,XLT,2012,Escape,Ford
1FMCU0C77CKA93405,XLS,2012,Escape,Ford
1FMCU0GX1DUA39534,SE,2013,Escape,Ford
1FMCU0F7XEUA44010,S,2014,Escape,Ford
1FMCU0JD8HUC64358,Titanium,2017,Escape,Ford
1FMCU0G99EUA04212,SE,2014,Escape,Ford
1FMCU0C77CKB52713,XLS,2012,Escape,Ford
1FMCU0HX3DUB14331,SEL,2013,Escape,Ford
1FMCU0GX3EUA92169,SE,2014,Escape,Ford
1FMCU9D77CKA06055,XLT,2012,Escape,Ford
1FMCU0GD3HUD83216,SE,2017,Escape,Ford
1FMCU9GX1GUB63277,SE,2016,Escape,Ford
1FMCU0G7XGUA83391,SE,2016,Escape,Ford
1FMCU0GX2EUB54404,SE,2014,Escape,Ford
1FMCU0GD8HUA22077,SE,2017,Escape,Ford
1FMCU0GX8EUB60272,SE,2014,Escape,Ford
1FMCU9J9XEUB60630,Titanium,2014,Escape,Ford
1FMCU9GX0FUB58585,SE,2015,Escape,Ford
1FMCU0F77DUA92059,S,2013,Escape,Ford
1FMCU03739KB95051,XLT,2009,Escape,Ford
1FMCU0GD1HUD75356,SE,2017,Escape,Ford
1FMCU0F75DUA92805,S,2013,Escape,Ford
1FMCU0HD5JUC04243,SEL,2018,Escape,Ford
1FMCU9GXXEUA75857,SE,2014,Escape,Ford
1FMCU9GX5FUB27414,SE,2015,Escape,Ford
1FMCU9GX0GUC87525,SE,2016,Escape,Ford
1FMCU9GX0GUB06276,SE,2016,Escape,Ford
1FMCU0GD7JUA08936,SE,2018,Escape,Ford
1FMCU0J99EUA61163,Titanium,2014,Escape,Ford
1FMCU0JX9GUA19836,Titanium,2016,Escape,Ford
1FMCU9EG3BKC66093,Limited,2011,Escape,Ford
1FMCU0F71GUA50247,S,2016,Escape,Ford
1FMCU031X8KA51975,XLT,2008,Escape,Ford
1FMYU01102KA68008,XLS Duratec,2002,Escape,Ford
1FMCU9J97JUC21345,Titanium,2018,Escape,Ford
1FMCU0GD8HUD18832,SE,2017,Escape,Ford
1FMCU0JX3FUB79936,Titanium,2015,Escape,Ford
1FMCU03709KA63753,XLT,2009,Escape,Ford
1FMCU9GD4HUD65585,SE,2017,Escape,Ford
1FMCU9H98NUA81883,SEL,2022,Escape,Ford
1FMCU0GD3HUD18625,SE,2017,Escape,Ford
1FMCU9G94GUC24736,SE,2016,Escape,Ford
1FMCU0GD9JUD49478,SE,2018,Escape,Ford
1FMCU03799KA44411,XLT,2009,Escape,Ford
1FMCU9GX8GUA55514,SE,2016,Escape,Ford
1FMCU0GD2HUE06341,SE,2017,Escape,Ford
1FMCU0D74BKB64735,XLT,2011,Escape,Ford
1FMCU9G93FUA60376,SE,2015,Escape,Ford
1FMCU0GX8FUC42066,SE,2015,Escape,Ford
1FMCU0GX9FUB92438,SE,2015,Escape,Ford
1FMCU9EG1AKB30379,Limited,2010,Escape,Ford
1FMCU0GD6HUE53484,SE,2017,Escape,Ford
1FMCU0GXXFUC42067,SE,2015,Escape,Ford
1FMCU9HD2JUC79891,SEL,2018,Escape,Ford
1FMCU9GD5HUA12515,SE,2017,Escape,Ford
1FMCU0GXXDUA20576,SE,2013,Escape,Ford
1FMCU931X8KA64178,XLT,2008,Escape,Ford
1FMCU0J90EUA51752,Titanium,2014,Escape,Ford
1FMCU0GX1EUB60307,SE,2014,Escape,Ford
1FMCU04101KC44611,XLT,2001,Escape,Ford
1FMCU9GD9HUD29634,SE,2017,Escape,Ford
1FMCU9GX7EUB75169,SE,2014,Escape,Ford
1FMCU9J98FUB04087,Titanium,2015,Escape,Ford
1FMCU0GX0FUA19326,SE,2015,Escape,Ford
1FMYU93Z87KA75884,XLT,2007,Escape,Ford
1FMCU0GD8HUC23431,SE,2017,Escape,Ford
1FMCU0D71AKB10999,XLT,2010,Escape,Ford
1FMCU0EG6CKB76160,Limited,2012,Escape,Ford
1FMCU9H99LUB00499,SEL,2020,Escape,Ford
1FMCU9H93DUB09720,SEL,2013,Escape,Ford
1FMCU0G76GUA08929,SE,2016,Escape,Ford
1FMCU9J94HUA12767,Titanium,2017,Escape,Ford
1FMCU0F78GUA50665,S,2016,Escape,Ford
1FMCU03759KB46854,XLT,2009,Escape,Ford
1FMCU0GD6HUB87769,SE,2017,Escape,Ford
1FMCU0G70GUA19117,SE,2016,Escape,Ford
1FMCU0D70BKA06599,XLT,2011,Escape,Ford
1FMCU0D70BKA76202,XLT,2011,Escape,Ford
1FMCU0EG1BKA91662,Limited,2011,Escape,Ford
1FMCU0GD8HUC47826,SE,2017,Escape,Ford
1FMCU9GD8KUB65221,SE,2019,Escape,Ford
1FMCU0GX0GUB74878,SE,2016,Escape,Ford
1FMCU9GX1DUC92938,SE,2013,Escape,Ford
1FMCU03739KC65969,XLT,2009,Escape,Ford
1FMCU9GD4HUC25794,SE,2017,Escape,Ford
1FMCU0GX7EUC83903,SE,2014,Escape,Ford
1FMCU0G93EUB78583,SE,2014,Escape,Ford
1FMCU9J92HUA49347,Titanium,2017,Escape,Ford
1FMCU0G90EUB43869,SE,2014,Escape,Ford
1FMCU9GX6GUB95349,SE,2016,Escape,Ford
1FMCU0GD4JUB52024,SE,2018,Escape,Ford
1FMCU0G9XHUE92297,SE,2017,Escape,Ford
1FMCU9J93FUA24115,Titanium,2015,Escape,Ford
1FMCU9HD1KUA56632,SEL,2019,Escape,Ford
1FMCU0E77AKC62767,Limited,2010,Escape,Ford
1FMCU9GXXDUC84580,SE,2013,Escape,Ford
1FMCU9GX2DUC63464,SE,2013,Escape,Ford
1FMCU94729KA35181,Limited,2009,Escape,Ford
1FMCU9EG5AKC30291,Limited,2010,Escape,Ford
1FMCU0GDXHUE57389,SE,2017,Escape,Ford
1FMCU0GX4GUA28421,SE,2016,Escape,Ford
1FMCU0GX6FUB60062,SE,2015,Escape,Ford
1FMCU0GX9GUA64718,SE,2016,Escape,Ford
1FMCU0G94GUA28422,SE,2016,Escape,Ford
1FMCU9G6XLUB19005,SE,2020,Escape,Ford
1FMCU0DG9AKD39186,XLT,2010,Escape,Ford
1FMCU0DG3BKB90131,XLT,2011,Escape,Ford
1FMCU0GX1FUA24308,SE,2015,Escape,Ford
1FMCU9G91EUA55000,SE,2014,Escape,Ford
1FMCU0HD2JUB40548,SEL,2018,Escape,Ford
1FMCU0GX1GUA83408,SE,2016,Escape,Ford
1FMCU9JXXEUD43024,Titanium,2014,Escape,Ford
1FMCU0EG6AKD01154,Limited,2010,Escape,Ford
1FMCU0J95HUA92477,Titanium,2017,Escape,Ford
1FMCU0GX5FUA88982,SE,2015,Escape,Ford
1FMCU0DG2CKB89957,XLT,2012,Escape,Ford
1FMCU03G99KD11594,XLT,2009,Escape,Ford
1FMCU0GX8EUD00353,SE,2014,Escape,Ford
1FMCU0JXXEUB60606,Titanium,2014,Escape,Ford
1FMCU0GDXJUA20773,SE,2018,Escape,Ford
1FMCU0GD9JUB52021,SE,2018,Escape,Ford
1FMCU0JX1EUC11023,Titanium,2014,Escape,Ford
1FMCU93178KB84911,XLT,2008,Escape,Ford
1FMCU9EG5BKC23830,Limited,2011,Escape,Ford
1FMCU0DG1AKA02091,XLT,2010,Escape,Ford
1FMCU9GDXHUA79837,SE,2017,Escape,Ford
1FMCU0G74FUC11056,SE,2015,Escape,Ford
1FMCU0GX0EUA76074,SE,2014,Escape,Ford
1FMCU0G99FUB92439,SE,2015,Escape,Ford
1FMCU0G73FUC11937,SE,2015,Escape,Ford
1FMCU0HD1JUB41030,SEL,2018,Escape,Ford
1FMCU9J90JUD61575,Titanium,2018,Escape,Ford
1FMCU0GDXHUD18623,SE,2017,Escape,Ford
1FMCU0G70FUA89103,SE,2015,Escape,Ford
1FMCU0G7XGUA43974,SE,2016,Escape,Ford
1FMCU0J96EUA83587,Titanium,2014,Escape,Ford
1FMCU0GD9HUB58217,SE,2017,Escape,Ford
1FMCU0D72AKA31891,XLT,2010,Escape,Ford
1FMCU0HXXDUC92768,SEL,2013,Escape,Ford
1FMCU9J99HUC33541,Titanium,2017,Escape,Ford
1FMCU93Z28KA17202,XLT,2008,Escape,Ford
1FMCU0J94KUC34390,Titanium,2019,Escape,Ford
1FMCU0GX2GUB57127,SE,2016,Escape,Ford
1FMCU9G94GUA08465,SE,2016,Escape,Ford
1FMCU0GX6FUA60656,SE,2015,Escape,Ford
1FMCU9J98JUB55758,Titanium,2018,Escape,Ford
1FMCU0J92FUC77597,Titanium,2015,Escape,Ford
1FMCU0HD5JUA21408,SEL,2018,Escape,Ford
1FMCU0GX5DUC83820,SE,2013,Escape,Ford
1FMCU9GX3EUB14708,SE,2014,Escape,Ford
1FMCU03739KD07900,XLT,2009,Escape,Ford
1FMCU0GX4GUC09485,SE,2016,Escape,Ford
1FMYU03114DA05178,XLT,2004,Escape,Ford
1FMCU0GX0EUE22558,SE,2014,Escape,Ford
1FMCU9G64MUA31276,SE,2021,Escape,Ford
1FMYU04121KB90301,XLT,2001,Escape,Ford
1FMCU9J92FUA20265,Titanium,2015,Escape,Ford
1FMYU04102KA93664,XLT,2002,Escape,Ford
1FMCU9HD7KUB25081,SEL,2019,Escape,Ford
1FMCU0GDXJUC32699,SE,2018,Escape,Ford
1FMCU0JX8FUB60475,Titanium,2015,Escape,Ford
1FMCU9H63LUA52942,SEL,2020,Escape,Ford
1FMCU0GXXEUC18592,SE,2014,Escape,Ford
1FMCU0J91EUB17080,Titanium,2014,Escape,Ford
1FMCU0GD3KUA16646,SE,2019,Escape,Ford
1FMCU9GD8KUA98068,SE,2019,Escape,Ford
1FMCU0G91EUB07365,SE,2014,Escape,Ford
1FMCU0G70GUB92006,SE,2016,Escape,Ford
1FMCU0HD2JUB33664,SEL,2018,Escape,Ford
1FMCU0GD1JUC47155,SE,2018,Escape,Ford
1FMCU9H94DUC69668,SEL,2013,Escape,Ford
1FMCU0GD6HUE92009,SE,2017,Escape,Ford
1FMCU0G94EUA61160,SE,2014,Escape,Ford
1FMCU9J98FUA60379,Titanium,2015,Escape,Ford
1FMCU0GD9JUA21249,SE,2018,Escape,Ford
1FMCU0G90DUC11196,SE,2013,Escape,Ford
1FMCU9JD0HUB41416,Titanium,2017,Escape,Ford
1FMCU9HD1KUA04269,SEL,2019,Escape,Ford
1FMCU9EG1CKC25172,Limited,2012,Escape,Ford
1FMCU9GX9DUC33118,SE,2013,Escape,Ford
1FMYU03116KA73950,XLT,2006,Escape,Ford
1FMCU0HD6JUB23512,SEL,2018,Escape,Ford
1FMCU0EG4AKC83060,Limited,2010,Escape,Ford
1FMCU0J98DUD34222,Titanium,2013,Escape,Ford
1FMCU0GD6HUD51456,SE,2017,Escape,Ford
1FMCU03188KD58772,XLT,2008,Escape,Ford
1FMCU03GX9KA21056,XLT,2009,Escape,Ford
1FMCU0G74FUB78558,SE,2015,Escape,Ford
1FMCU9BZ8NUA36693,SE Hybrid,2022,Escape,Ford
1FMCU9G92EUC43220,SE,2014,Escape,Ford
1FMCU0GX8FUB60130,SE,2015,Escape,Ford
1FMCU9G6XLUB18999,SE,2020,Escape,Ford
1FMCU9GD2HUC23154,SE,2017,Escape,Ford
1FMCU0G76GUB81642,SE,2016,Escape,Ford
1FMCU0HX8DUA48374,SEL,2013,Escape,Ford
1FMCU9EG9BKA09214,Limited,2011,Escape,Ford
1FMCU9G99GUA51134,SE,2016,Escape,Ford
1FMCU0GX8GUA19737,SE,2016,Escape,Ford
1FMCU0G91EUB14767,SE,2014,Escape,Ford
1FMCU0G79FUA90430,SE,2015,Escape,Ford
1FMCU0HD0JUA70872,SEL,2018,Escape,Ford
1FMCU9G95FUB28533,SE,2015,Escape,Ford
1FMYU93105KA92962,XLT,2005,Escape,Ford
1FMCU0J92DUB45548,Titanium,2013,Escape,Ford
1FMCU92Z88KD99138,XLS,2008,Escape,Ford
1FMCU0JD9HUA68252,Titanium,2017,Escape,Ford
1FMCU0JD2HUD92790,Titanium,2017,Escape,Ford
1FMCU0JX6EUB43947,Titanium,2014,Escape,Ford
1FMCU94136KA98894,Limited,2006,Escape,Ford
1FMCU0GX1GUB06041,SE,2016,Escape,Ford
1FMCU9G99HUF11281,SE,2017,Escape,Ford
1FMCU0GD3KUA51431,SE,2019,Escape,Ford
1FMCU0GD4JUC69344,SE,2018,Escape,Ford
1FMCU0GX1EUE24593,SE,2014,Escape,Ford
1FMCU9EGXCKB90468,Limited,2012,Escape,Ford
1FMCU0F76EUB78724,S,2014,Escape,Ford
1FMCU0GD4HUB51224,SE,2017,Escape,Ford
1FMCU0GX7EUA28930,SE,2014,Escape,Ford
1FMCU0D74CKA38411,XLT,2012,Escape,Ford
1FMCU03198KC90997,XLT,2008,Escape,Ford
1FMCU93G19KB79869,XLT,2009,Escape,Ford
1FMCU0GX2GUB95344,SE,2016,Escape,Ford
1FMCU0HX9DUC22534,SEL,2013,Escape,Ford
1FMCU9J93JUA20929,Titanium,2018,Escape,Ford
1FMCU9DG4BKC24534,XLT,2011,Escape,Ford
1FMCU9HXXDUD35283,SEL,2013,Escape,Ford
1FMCU9JX4EUC28676,Titanium,2014,Escape,Ford
1FMCU0DG3AKC15558,XLT,2010,Escape,Ford
1FMCU0D74BKA06945,XLT,2011,Escape,Ford
1FMCU0GD5HUD52467,SE,2017,Escape,Ford
1FMCU9HX0DUA52729,SEL,2013,Escape,Ford
1FMCU0GD6HUE55428,SE,2017,Escape,Ford
1FMCU03769KC99985,XLT,2009,Escape,Ford
1FMCU0G71FUA59544,SE,2015,Escape,Ford
1FMCU0G95HUE53486,SE,2017,Escape,Ford
1FMCU9G91EUC36498,SE,2014,Escape,Ford
1FMYU93143KD92582,XLT,2003,Escape,Ford
1FMCU0GX8FUB70009,SE,2015,Escape,Ford
1FMCU9GD0HUC23959,SE,2017,Escape,Ford
1FMCU03709KA93383,XLT,2009,Escape,Ford
1FMCU0G92GUA08458,SE,2016,Escape,Ford
1FMCU0DG9BKC71196,XLT,2011,Escape,Ford
1FMCU93Z08KB51237,XLT,2008,Escape,Ford
1FMCU9GD4HUA20685,SE,2017,Escape,Ford
1FMCU9G96EUC59520,SE,2014,Escape,Ford
1FMCU9GX4DUD27391,SE,2013,Escape,Ford
1FMCU0G96GUA83406,SE,2016,Escape,Ford
1FMCU0GX1EUA91893,SE,2014,Escape,Ford
1FMCU04148KA24527,Limited,2008,Escape,Ford
1FMCU0EG5BKB58876,Limited,2011,Escape,Ford
1FMCU0GD9HUB77382,SE,2017,Escape,Ford
1FMCU9GX2GUB06277,SE,2016,Escape,Ford
1FMYU03154KA25025,XLT,2004,Escape,Ford
1FMCU03709KB26883,XLT,2009,Escape,Ford
1FMCU93Z98KB85726,XLT,2008,Escape,Ford
1FMCU0JD5HUB27829,Titanium,2017,Escape,Ford
1FMCU9GX3FUB28531,SE,2015,Escape,Ford
1FMCU9GD7JUD18962,SE,2018,Escape,Ford
1FMCU03769KC66470,XLT,2009,Escape,Ford
1FMCU9G99EUD09830,SE,2014,Escape,Ford
1FMCU02769KB19504,XLS,2009,Escape,Ford
1FMCU0F79DUA74484,S,2013,Escape,Ford
1FMCU0GX0EUB91774,SE,2014,Escape,Ford
1FMCU0GX8EUB96799,SE,2014,Escape,Ford
1FMCU0GD1KUA33302,SE,2019,Escape,Ford
1FMCU0G9XFUA40492,SE,2015,Escape,Ford
1FMCU0G95HUE88674,SE,2017,Escape,Ford
1FMCU0GD0HUA80006,SE,2017,Escape,Ford
1FMCU9G98DUD16945,SE,2013,Escape,Ford
1FMCU93118KD66961,XLT,2008,Escape,Ford
1FMCU0E72BKA13908,Limited,2011,Escape,Ford
1FMYU03114KA25376,XLT,2004,Escape,Ford
1FMCU9J92GUB35482,Titanium,2016,Escape,Ford
1FMCU0GX2DUB45006,SE,2013,Escape,Ford
1FMCU0GD9JUB17477,SE,2018,Escape,Ford
1FMCU9GD3KUB55230,SE,2019,Escape,Ford
1FMCU0G98FUB42132,SE,2015,Escape,Ford
1FMCU0F78GUC56407,S,2016,Escape,Ford
1FMCU0G93FUB60120,SE,2015,Escape,Ford
1FMCU9HD1KUC01054,SEL,2019,Escape,Ford
1FMCU9GX1EUB14710,SE,2014,Escape,Ford
1FMCU9JX9FUA07138,Titanium,2015,Escape,Ford
1FMCU9GD9KUB54678,SE,2019,Escape,Ford
1FMCU9J92GUC24713,Titanium,2016,Escape,Ford
1FMCU9J93EUB44222,Titanium,2014,Escape,Ford
1FMCU0G75FUC33681,SE,2015,Escape,Ford
1FMCU0E73CKB89898,Limited,2012,Escape,Ford
1FMCU0GX0EUD27045,SE,2014,Escape,Ford
1FMCU0F76EUB37039,S,2014,Escape,Ford
1FMCU0GD6JUB52011,SE,2018,Escape,Ford
1FMCU0GX7DUD52121,SE,2013,Escape,Ford
1FMCU0DG0AKC07675,XLT,2010,Escape,Ford
1FMCU0E71AKD44462,Limited,2010,Escape,Ford
1FMCU0DG7BKB90374,XLT,2011,Escape,Ford
1FMCU0HD5JUD28156,SEL,2018,Escape,Ford
1FMYU93Z67KA92456,XLT,2007,Escape,Ford
1FMCU9EG4BKA32710,Limited,2011,Escape,Ford
1FMCU9GX3EUB77291,SE,2014,Escape,Ford
1FMCU0GX7EUE38045,SE,2014,Escape,Ford
1FMCU9G62LUA53582,SE,2020,Escape,Ford
1FMCU9GX0DUA23958,SE,2013,Escape,Ford
1FMCU9J9XHUC83736,Titanium,2017,Escape,Ford
1FMCU94GX9KC04430,Limited,2009,Escape,Ford
1FMCU0EG0CKC06026,Limited,2012,Escape,Ford
1FMCU0F72JUA21198,S,2018,Escape,Ford
1FMCU0F78EUB44560,S,2014,Escape,Ford
1FMCU9GX9EUD15576,SE,2014,Escape,Ford
1FMCU9JX2EUC23959,Titanium,2014,Escape,Ford
1FMYU04145KA37733,Limited,2005,Escape,Ford
1FMCU9GXXDUB65671,SE,2013,Escape,Ford
1FMCU93133KD20105,XLT,2003,Escape,Ford
1FMCU0DG4CKC80633,XLT,2012,Escape,Ford
1FMCU9GD6JUD11534,SE,2018,Escape,Ford
1FMCU9GX2EUE28477,SE,2014,Escape,Ford
1FMCU9HD4JUB82580,SEL,2018,Escape,Ford
1FMCU0GXXEUA61162,SE,2014,Escape,Ford
1FMCU9G93HUB88135,SE,2017,Escape,Ford
1FMCU9E71BKA66474,Limited,2011,Escape,Ford
1FMCU0GD8JUB70980,SE,2018,Escape,Ford
1FMCU0EG9CKB41113,Limited,2012,Escape,Ford
1FMCU0J91HUB51640,Titanium,2017,Escape,Ford
1FMCU0GD0HUE92300,SE,2017,Escape,Ford
1FMCU9H92DUB07652,SEL,2013,Escape,Ford
1FMYU93166KA54105,XLT,2006,Escape,Ford
1FMCU0F71GUC53848,S,2016,Escape,Ford
1FMCU0GX0EUE56127,SE,2014,Escape,Ford
1FMCU9J9XHUB28278,Titanium,2017,Escape,Ford
1FMCU0H95DUD23474,SEL,2013,Escape,Ford
1FMCU0F77EUC11116,S,2014,Escape,Ford
1FMCU0GX6EUA37344,SE,2014,Escape,Ford
1FMCU0GX6EUC83651,SE,2014,Escape,Ford
1FMCU9G93EUE50781,SE,2014,Escape,Ford
1FMCU9GX3FUC29021,SE,2015,Escape,Ford
1FMCU0GXXEUE24592,SE,2014,Escape,Ford
1FMCU0D74AKD05902,XLT,2010,Escape,Ford
1FMCU9GX9EUD95669,SE,2014,Escape,Ford
1FMCU0D70CKC41943,XLT,2012,Escape,Ford
1FMCU9J99EUE36246,Titanium,2014,Escape,Ford
1FMCU9GX6GUC56411,SE,2016,Escape,Ford
1FMCU0GD1HUE46569,SE,2017,Escape,Ford
1FMCU9JD5HUC82319,Titanium,2017,Escape,Ford
1FMCU03128KA25581,XLT,2008,Escape,Ford
1FMCU9D77AKC23554,XLT,2010,Escape,Ford
1FMCU9J91GUA62878,Titanium,2016,Escape,Ford
1FMCU9G95FUB47938,SE,2015,Escape,Ford
1FMCU0D70BKA21247,XLT,2011,Escape,Ford
1FMCU0HD5JUB23498,SEL,2018,Escape,Ford
1FMCU0HD1JUA83064,SEL,2018,Escape,Ford
1FMCU0G93FUB28767,SE,2015,Escape,Ford
1FMYU03154KA36199,XLT,2004,Escape,Ford
1FMCU0GD1HUD39344,SE,2017,Escape,Ford
1FMCU0GX5GUB95340,SE,2016,Escape,Ford
1FMCU9J93EUB07414,Titanium,2014,Escape,Ford
1FMYU93154KB36680,XLT Duratec,2004,Escape,Ford
1FMCU9HD4JUA52430,SEL,2018,Escape,Ford
1FMCU0G90DUC12848,SE,2013,Escape,Ford
1FMCU9H93LUA30286,SEL,2020,Escape,Ford
1FMCU9J94HUA33568,Titanium,2017,Escape,Ford
1FMCU0GD7HUD65236,SE,2017,Escape,Ford
1FMCU0GD6KUA16642,SE,2019,Escape,Ford
1FMCU9GD4KUB77351,SE,2019,Escape,Ford
1FMCU9G96FUB39072,SE,2015,Escape,Ford
1FMCU9GD3HUD43559,SE,2017,Escape,Ford
1FMYU03Z46KB34990,XLT,2006,Escape,Ford
1FMCU9JX6FUA60377,Titanium,2015,Escape,Ford
1FMCU9J9XEUE24929,Titanium,2014,Escape,Ford
1FMCU0GD5HUA22201,SE,2017,Escape,Ford
1FMCU0J94HUB88133,Titanium,2017,Escape,Ford
1FMCU0EG1CKB17324,Limited,2012,Escape,Ford
1FMCU93125KA14869,XLT,2005,Escape,Ford
1FMCU0F75FUA90331,S,2015,Escape,Ford
1FMCU0DG5CKA48705,XLT,2012,Escape,Ford
1FMCU0GD7HUA48301,SE,2017,Escape,Ford
1FMCU0GD6JUB71481,SE,2018,Escape,Ford
1FMYU03157KA04647,XLT,2007,Escape,Ford
1FMCU0D71AKD37092,XLT,2010,Escape,Ford
1FMCU9GX9EUC77069,SE,2014,Escape,Ford
1FMCU9JXXFUA77036,Titanium,2015,Escape,Ford
1FMCU0GX9EUB43836,SE,2014,Escape,Ford
1FMCU0G92EUC83907,SE,2014,Escape,Ford
1FMCU0HD7JUB71424,SEL,2018,Escape,Ford
1FMCU0G98DUC22706,SE,2013,Escape,Ford
1FMCU0GD1JUB09972,SE,2018,Escape,Ford
1FMCU9HD4KUA52848,SEL,2019,Escape,Ford
1FMCU9HD6JUC79893,SEL,2018,Escape,Ford
1FMCU0G93HUE46276,SE,2017,Escape,Ford
1FMCU0F75HUC08736,S,2017,Escape,Ford
1FMCU03729KA45349,XLT,2009,Escape,Ford
1FMCU04729KB79180,Limited,2009,Escape,Ford
1FMCU9BZ0MUA05436,SE Hybrid,2021,Escape,Ford
1FMCU9GDXJUC31914,SE,2018,Escape,Ford
1FMCU9HX1DUC13086,SEL,2013,Escape,Ford
1FMCU9G69LUC77240,SE,2020,Escape,Ford
1FMCU9GX3DUD19556,SE,2013,Escape,Ford
1FMCU0F71GUA65136,S,2016,Escape,Ford
1FMCU0DGXAKB43368,XLT,2010,Escape,Ford
1FMYU02141KA25515,XLS,2001,Escape,Ford
1FMCU0GD7KUC01914,SE,2019,Escape,Ford
1FMCU9J92LUB64569,Titanium,2020,Escape,Ford
1FMCU03158KE64502,XLT,2008,Escape,Ford
1FMCU9HDXJUB52032,SEL,2018,Escape,Ford
1FMCU0J92FUC60444,Titanium,2015,Escape,Ford
1FMCU0GX5EUC60846,SE,2014,Escape,Ford
1FMCU0EG2CKA91929,Limited,2012,Escape,Ford
1FMCU94198KC79940,Limited,2008,Escape,Ford
1FMCU03Z78KC68664,XLT,2008,Escape,Ford
1FMCU0GX6DUD23502,SE,2013,Escape,Ford
1FMCU0GX7EUE35985,SE,2014,Escape,Ford
1FMCU0F70DUA98947,S,2013,Escape,Ford
1FMCU0HX0DUD52332,SEL,2013,Escape,Ford
1FMCU9J92HUB41414,Titanium,2017,Escape,Ford
1FMCU0J96EUA37354,Titanium,2014,Escape,Ford
1FMCU03G79KC33610,XLT,2009,Escape,Ford
1FMCU9GX2GUA08964,SE,2016,Escape,Ford
1FMCU9G99HUB28635,SE,2017,Escape,Ford
1FMCU9J97EUB14771,Titanium,2014,Escape,Ford
1FMCU0DG2BKA99237,XLT,2011,Escape,Ford
1FMCU0GXXFUB38145,SE,2015,Escape,Ford
1FMCU9J96EUB43873,Titanium,2014,Escape,Ford
1FMYU03142KC47360,XLT,2002,Escape,Ford
1FMCU0GX9EUC52748,SE,2014,Escape,Ford
1FMCU0GD0HUA91751,SE,2017,Escape,Ford
1FMCU9G66LUB00760,SE,2020,Escape,Ford
1FMCU0GX4FUB59704,SE,2015,Escape,Ford
1FMCU0F76EUB58893,S,2014,Escape,Ford
1FMCU0D7XAKD44624,XLT,2010,Escape,Ford
1FMCU0GD0HUA11445,SE,2017,Escape,Ford
1FMCU0EG1AKA45361,Limited,2010,Escape,Ford
1FMCU0DGXCKA48442,XLT,2012,Escape,Ford
1FMCU9J99FUB12053,Titanium,2015,Escape,Ford
1FMCU0F79HUE32639,S,2017,Escape,Ford
1FMCU0JD0HUE91771,Titanium,2017,Escape,Ford
1FMCU9H60LUA50324,SEL,2020,Escape,Ford
1FMCU9J97KUC13005,Titanium,2019,Escape,Ford
1FMCU0G93HUB75686,SE,2017,Escape,Ford
1FMCU9G9XEUB81100,SE,2014,Escape,Ford
1FMCU0GD3HUA12301,SE,2017,Escape,Ford
1FMCU9J9XFUB15317,Titanium,2015,Escape,Ford
1FMCU9J90GUC39940,Titanium,2016,Escape,Ford
1FMYU011X2KC09747,XLS Duratec,2002,Escape,Ford
1FMCU9GX8GUC56412,SE,2016,Escape,Ford
1FMCU9G98HUD91702,SE,2017,Escape,Ford
1FMCU04118KC07478,Limited,2008,Escape,Ford
1FMCU9H9XDUB62611,SEL,2013,Escape,Ford
1FMYU02Z15KE07920,XLS,2005,Escape,Ford
1FMCU04G59KD05581,Limited,2009,Escape,Ford
1FMCU9JXXFUA90322,Titanium,2015,Escape,Ford
1FMCU9D73BKA13289,XLT,2011,Escape,Ford
1FMCU0DG1CKA48457,XLT,2012,Escape,Ford
1FMCU9G96FUA24309,SE,2015,Escape,Ford
1FMCU0F71DUA33783,S,2013,Escape,Ford
1FMCU9GD9HUB93781,SE,2017,Escape,Ford
1FMCU0JX1GUC87523,Titanium,2016,Escape,Ford
1FMCU9JX3GUB33786,Titanium,2016,Escape,Ford
1FMCU9J96GUA44151,Titanium,2016,Escape,Ford
1FMCU0GD5JUD18955,SE,2018,Escape,Ford
1FMCU9J90GUB35481,Titanium,2016,Escape,Ford
1FMCU9G67LUA74265,SE,2020,Escape,Ford
1FMCU0GD6JUC58149,SE,2018,Escape,Ford
1FMCU9H97DUC13028,SEL,2013,Escape,Ford
1FMCU0D71AKA42185,XLT,2010,Escape,Ford
1FMCU9HD6JUA34317,SEL,2018,Escape,Ford
1FMCU9G93FUC08042,SE,2015,Escape,Ford
1FMCU0GX8EUC91847,SE,2014,Escape,Ford
1FMCU0D71AKA12779,XLT,2010,Escape,Ford
1FMCU9HDXJUB87671,SEL,2018,Escape,Ford
1FMCU0GD8HUD39342,SE,2017,Escape,Ford
1FMYU031X5KB61877,XLT,2005,Escape,Ford
1FMCU9HD1JUC57638,SEL,2018,Escape,Ford
1FMCU0C7XBKC59950,XLS,2011,Escape,Ford
1FMYU04181KC44023,XLT,2001,Escape,Ford
1FMCU03158KC33146,XLT,2008,Escape,Ford
1FMCU0GD0JUB41019,SE,2018,Escape,Ford
1FMCU0GD8JUD36026,SE,2018,Escape,Ford
1FMCU0D79BKB23310,XLT,2011,Escape,Ford
1FMCU0GX0DUA52713,SE,2013,Escape,Ford
1FMCU0D78AKD01951,XLT,2010,Escape,Ford
1FMCU0GX0DUC56055,SE,2013,Escape,Ford
1FMCU93G49KA65526,XLT,2009,Escape,Ford
1FMCU9GD1HUA03617,SE,2017,Escape,Ford
1FMCU9J95KUA60379,Titanium,2019,Escape,Ford
1FMCU03Z08KE74361,XLT,2008,Escape,Ford
1FMCU9GX3DUD11439,SE,2013,Escape,Ford
1FMCU9G63MUB09627,SE,2021,Escape,Ford
1FMCU9GD4KUA98066,SE,2019,Escape,Ford
1FMCU94128KC22995,Limited,2008,Escape,Ford
1FMCU0HX6DUC32924,SEL,2013,Escape,Ford
1FMYU03124KA43322,XLT,2004,Escape,Ford
1FMYU03132KE09091,XLT,2002,Escape,Ford
1FMCU0GD7JUB52017,SE,2018,Escape,Ford
1FMCU9GX7GUA32998,SE,2016,Escape,Ford
1FMCU0EGXAKC95049,Limited,2010,Escape,Ford
1FMCU0JX2EUD15973,Titanium,2014,Escape,Ford
1FMCU0GD3HUC04561,SE,2017,Escape,Ford
1FMCU9EG7CKA65606,Limited,2012,Escape,Ford
1FMCU0G74GUB81641,SE,2016,Escape,Ford
1FMCU0HD7JUC04244,SEL,2018,Escape,Ford
1FMCU0GX4EUA32160,SE,2014,Escape,Ford
1FMCU9GD8HUD50202,SE,2017,Escape,Ford
1FMCU9J9XJUA83056,Titanium,2018,Escape,Ford
1FMCU93148KD50883,XLT,2008,Escape,Ford
1FMCU9G9XFUC87788,SE,2015,Escape,Ford
1FMCU0E70CKB90149,Limited,2012,Escape,Ford
1FMCU0G90EUA76321,SE,2014,Escape,Ford
1FMCU0JX7FUA77054,Titanium,2015,Escape,Ford
1FMCU0F71FUB74016,S,2015,Escape,Ford
1FMCU0GX8DUA47467,SE,2013,Escape,Ford
1FMCU0GD6KUB56948,SE,2019,Escape,Ford
1FMCU9GX2EUC23564,SE,2014,Escape,Ford
1FMYU02Z46KC25758,XLS,2006,Escape,Ford
1FMCU0GD1JUD18953,SE,2018,Escape,Ford
1FMCU9G64LUC36255,SE,2020,Escape,Ford
1FMCU0GX0GUC56691,SE,2016,Escape,Ford
1FMCU0GD7HUC76914,SE,2017,Escape,Ford
1FMCU9GX6EUB35066,SE,2014,Escape,Ford
1FMCU93114DA08550,XLT,2004,Escape,Ford
1FMCU04759KC26315,Limited,2009,Escape,Ford
1FMCU9EG0CKA57377,Limited,2012,Escape,Ford
1FMCU04108KA28798,Limited,2008,Escape,Ford
1FMCU9J93JUB54064,Titanium,2018,Escape,Ford
1FMCU9J93DUA52686,Titanium,2013,Escape,Ford
1FMCU9GD7JUA43898,SE,2018,Escape,Ford
1FMCU0GX4FUB18358,SE,2015,Escape,Ford
1FMCU9J9XEUA69437,Titanium,2014,Escape,Ford
1FMCU9J90DUB32852,Titanium,2013,Escape,Ford
1FMCU9J97GUB16927,Titanium,2016,Escape,Ford
1FMCU0G74FUA18972,SE,2015,Escape,Ford
1FMCU0DGXBKA31736,XLT,2011,Escape,Ford
1FMCU0GDXJUB70415,SE,2018,Escape,Ford
1FMCU0GD1JUD03255,SE,2018,Escape,Ford
1FMYU03115KB04905,XLT,2005,Escape,Ford
1FMCU9G90GUB57388,SE,2016,Escape,Ford
1FMCU0GD0HUE46269,SE,2017,Escape,Ford
1FMCU9HDXKUB55420,SEL,2019,Escape,Ford
1FMCU9GX8GUA37949,SE,2016,Escape,Ford
1FMCU0GD4HUC86672,SE,2017,Escape,Ford
1FMCU0HD4JUD56840,SEL,2018,Escape,Ford
1FMCU9G64MUA37109,SE,2021,Escape,Ford
1FMCU0GX2FUA45345,SE,2015,Escape,Ford
1FMCU0GX9DUA20276,SE,2013,Escape,Ford
1FMYU03186KA13499,XLT,2006,Escape,Ford
1FMCU0GD4HUD18844,SE,2017,Escape,Ford
1FMCU0D74BKA37628,XLT,2011,Escape,Ford
1FMYU031X6KD48196,XLT,2006,Escape,Ford
1FMCU9HD8KUA98084,SEL,2019,Escape,Ford
1FMCU0GX0DUD00863,SE,2013,Escape,Ford
1FMCU9G96EUD38654,SE,2014,Escape,Ford
1FMYU03191KC54867,XLT,2001,Escape,Ford
1FMCU0GD2JUC32700,SE,2018,Escape,Ford
1FMCU0GX0EUE37674,SE,2014,Escape,Ford
1FMCU9H93DUA79070,SEL,2013,Escape,Ford
1FMCU0DG4AKB19969,XLT,2010,Escape,Ford
1FMCU0GD2JUA07998,SE,2018,Escape,Ford
1FMCU0GD0HUE05298,SE,2017,Escape,Ford
1FMYU03135KD99120,XLT,2005,Escape,Ford
1FMCU0GX2DUA38876,SE,2013,Escape,Ford
1FMCU0HD9JUB27425,SEL,2018,Escape,Ford
1FMCU94G99KA29118,Limited,2009,Escape,Ford
1FMCU0J97DUA23980,Titanium,2013,Escape,Ford
1FMCU0D71BKC25734,XLT,2011,Escape,Ford
1FMCU0GD0HUA44901,SE,2017,Escape,Ford
1FMCU9H68LUA09536,SEL,2020,Escape,Ford
1FMCU0JX3EUD63739,Titanium,2014,Escape,Ford
1FMCU9J9XFUC46201,Titanium,2015,Escape,Ford
1FMCU0JD1HUB14320,Titanium,2017,Escape,Ford
1FMCU0D79BKA48995,XLT,2011,Escape,Ford
1FMCU9GX4GUA52061,SE,2016,Escape,Ford
1FMCU0GD3HUC64355,SE,2017,Escape,Ford
1FMCU9J94EUC51196,Titanium,2014,Escape,Ford
1FMCU9J98MUA69614,Titanium,2021,Escape,Ford
1FMCU0DG1AKA78457,XLT,2010,Escape,Ford
1FMCU0F77GUC87230,S,2016,Escape,Ford
1FMCU9GX1GUC62262,SE,2016,Escape,Ford
1FMCU9GX1DUD86933,SE,2013,Escape,Ford
1FMCU0J99EUB83988,Titanium,2014,Escape,Ford
1FMCU9G92GUB06278,SE,2016,Escape,Ford
1FMCU0D73BKA34753,XLT,2011,Escape,Ford
1FMCU0GD9JUC34752,SE,2018,Escape,Ford
1FMCU02Z88KA63131,XLS,2008,Escape,Ford
1FMCU0GD8JUC18400,SE,2018,Escape,Ford
1FMCU0GX3FUA55141,SE,2015,Escape,Ford
1FMCU0GD4KUA46111,SE,2019,Escape,Ford
1FMCU0D72BKA06717,XLT,2011,Escape,Ford
1FMCU9J95FUB37869,Titanium,2015,Escape,Ford
1FMCU0D71BKC09680,XLT,2011,Escape,Ford
1FMCU0GD3HUD83815,SE,2017,Escape,Ford
1FMCU9HD6KUA52849,SEL,2019,Escape,Ford
1FMCU0GX9EUD79273,SE,2014,Escape,Ford
1FMCU9GX0GUA44149,SE,2016,Escape,Ford
1FMCU9GD9HUA74659,SE,2017,Escape,Ford
1FMCU9GX6DUD65060,SE,2013,Escape,Ford
1FMCU0JX4EUB43378,Titanium,2014,Escape,Ford
1FMCU0F73FUC58922,S,2015,Escape,Ford
1FMCU0D70AKB02022,XLT,2010,Escape,Ford
1FMCU9GX5DUB24851,SE,2013,Escape,Ford
1FMCU9G95EUC51294,SE,2014,Escape,Ford
1FMCU9G91HUD52739,SE,2017,Escape,Ford
1FMCU0C76CKB44585,XLS,2012,Escape,Ford
1FMCU03GX9KA86859,XLT,2009,Escape,Ford
1FMCU04102KB88915,XLT,2002,Escape,Ford
1FMCU9J93GUA28425,Titanium,2016,Escape,Ford
1FMCU0HD7JUB59886,SEL,2018,Escape,Ford
1FMCU9G6XLUB64560,SE,2020,Escape,Ford
1FMCU9G63LUB64559,SE,2020,Escape,Ford
1FMYU03185KB29784,XLT,2005,Escape,Ford
1FMCU9J90EUE23742,Titanium,2014,Escape,Ford
1FMCU9J9XEUC69704,Titanium,2014,Escape,Ford
1FMCU9JD1HUB06156,Titanium,2017,Escape,Ford
1FMCU0GD7HUC63855,SE,2017,Escape,Ford
1FMCU9GD5JUA63311,SE,2018,Escape,Ford
1FMCU0GD6HUD39341,SE,2017,Escape,Ford
1FMCU0GD6KUB32326,SE,2019,Escape,Ford
1FMCU0JX8GUB35478,Titanium,2016,Escape,Ford
1FMYU03127KA31661,XLT,2007,Escape,Ford
1FMCU0GX9DUB53717,SE,2013,Escape,Ford
1FMCU0E7XCKA04813,Limited,2012,Escape,Ford
1FMCU0GX6EUC73945,SE,2014,Escape,Ford
1FMCU0JX0EUC19792,Titanium,2014,Escape,Ford
1FMCU9DZ0MUA18250,Titanium Hybrid,2021,Escape,Ford
1FMCU9JX3GUA28598,Titanium,2016,Escape,Ford
1FMCU9GDXHUB78223,SE,2017,Escape,Ford
1FMCU94128KA56350,Limited,2008,Escape,Ford
1FMCU0G71FUA77302,SE,2015,Escape,Ford
1FMCU9GD8HUD27423,SE,2017,Escape,Ford
1FMCU0E79CKB52967,Limited,2012,Escape,Ford
1FMCU0F76DUC85660,S,2013,Escape,Ford
1FMCU0GD6JUC58152,SE,2018,Escape,Ford
1FMCU931X8KD73990,XLT,2008,Escape,Ford
1FMYU03154KA15773,XLT,2004,Escape,Ford
1FMCU9H60LUC23257,SEL,2020,Escape,Ford
1FMCU0G94HUD09248,SE,2017,Escape,Ford
1FMCU0D77BKB66897,XLT,2011,Escape,Ford
1FMCU0GD5JUA52031,SE,2018,Escape,Ford
1FMCU9GD7KUB55439,SE,2019,Escape,Ford
1FMCU9H90LUA38720,SEL,2020,Escape,Ford
1FMCU0JX9E4D50378,Titanium,2014,Escape,Ford
1FMCU0G69NUA93060,SE,2022,Escape,Ford
1FMCU9HD9KUA96778,SEL,2019,Escape,Ford
1FMCU0GD7JUB41017,SE,2018,Escape,Ford
1FMCU9J9XDUD51544,Titanium,2013,Escape,Ford
1FMCU0GXXEUB27127,SE,2014,Escape,Ford
1FMCU9G99DUC73183,SE,2013,Escape,Ford
1FMCU9HD3KUA77983,SEL,2019,Escape,Ford
1FMYU93143KC16700,XLT,2003,Escape,Ford
1FMCU0GX7GUB06058,SE,2016,Escape,Ford
1FMCU9GD8KUA77981,SE,2019,Escape,Ford
1FMCU0GD5JUC03790,SE,2018,Escape,Ford
1FMCU9JX1EUC59173,Titanium,2014,Escape,Ford
1FMCU9GX4FUA40748,SE,2015,Escape,Ford
1FMCU9D70CKB52619,XLT,2012,Escape,Ford
1FMCU02Z58KA59621,XLS,2008,Escape,Ford
1FMCU0GX3EUC67181,SE,2014,Escape,Ford
1FMCU9J90LUB27357,Titanium,2020,Escape,Ford
1FMCU0GX8EUB60322,SE,2014,Escape,Ford
1FMCU0JX7GUA28423,Titanium,2016,Escape,Ford
1FMCU0F74EUB26816,S,2014,Escape,Ford
1FMCU0HX6DUA92535,SEL,2013,Escape,Ford
1FMCU9D79AKA77500,XLT,2010,Escape,Ford
1FMCU03188KA41221,XLT,2008,Escape,Ford
1FMCU0GDXKUA33301,SE,2019,Escape,Ford
1FMCU9GX8DUB79391,SE,2013,Escape,Ford
1FMCU9HX9DUA39736,SEL,2013,Escape,Ford
1FMCU0HD0JUD18960,SEL,2018,Escape,Ford
1FMCU03Z28KE38705,XLT,2008,Escape,Ford
1FMCU9J96LUA09538,Titanium,2020,Escape,Ford
1FMCU0EG1CKC16595,Limited,2012,Escape,Ford
1FMCU0D79CKC80529,XLT,2012,Escape,Ford
1FMCU0J90FUB80057,Titanium,2015,Escape,Ford
1FMCU03G29KA28471,XLT,2009,Escape,Ford
1FMCU0G99DUC12542,SE,2013,Escape,Ford
1FMCU0HX4DUD85186,SEL,2013,Escape,Ford
1FMCU0JX5FUB60479,Titanium,2015,Escape,Ford
1FMCU941X8KB76011,Limited,2008,Escape,Ford
1FMCU9GD6JUA06437,SE,2018,Escape,Ford
1FMCU0G79GUB22200,SE,2016,Escape,Ford
1FMCU03168KB84863,XLT,2008,Escape,Ford
1FMCU0J97HUE33927,Titanium,2017,Escape,Ford
1FMCU9GX3GUA65139,SE,2016,Escape,Ford
1FMCU9G98DUA18184,SE,2013,Escape,Ford
1FMCU9GD7KUC51717,SE,2019,Escape,Ford
1FMCU9J97EUA21121,Titanium,2014,Escape,Ford
1FMCU0JX4EUC19942,Titanium,2014,Escape,Ford
1FMYU93147KA33710,XLT,2007,Escape,Ford
1FMCU0F78EUA12544,S,2014,Escape,Ford
1FMCU0GD4HUE70252,SE,2017,Escape,Ford
1FMCU9J98GUB22722,Titanium,2016,Escape,Ford
1FMCU9GDXJUB70662,SE,2018,Escape,Ford
1FMCU0GX9EUC83594,SE,2014,Escape,Ford
1FMCU9G90HUD44051,SE,2017,Escape,Ford
1FMCU0D78AKC15121,XLT,2010,Escape,Ford
1FMCU9DG3BKA67613,XLT,2011,Escape,Ford
1FMCU0GD9JUB09976,SE,2018,Escape,Ford
1FMCU9GX6DUC44285,SE,2013,Escape,Ford
1FMCU9G69LUC27597,SE,2020,Escape,Ford
1FMCU9H92DUD67095,SEL,2013,Escape,Ford
1FMCU0GDXJUB52027,SE,2018,Escape,Ford
1FMCU0GX7DUC80742,SE,2013,Escape,Ford
1FMCU0F74HUA03618,S,2017,Escape,Ford
1FMCU03Z58KD91184,XLT,2008,Escape,Ford
1FMCU9G65LUB64143,SE,2020,Escape,Ford
1FMCU9GX0GUB46339,SE,2016,Escape,Ford
1FMCU0G97DUB62787,SE,2013,Escape,Ford
1FMCU0D70BKA67502,XLT,2011,Escape,Ford
1FMCU0DG4CKC84763,XLT,2012,Escape,Ford
1FMCU0GXXGUC56410,SE,2016,Escape,Ford
1FMCU9GX8EUC80657,SE,2014,Escape,Ford
1FMCU9EG3CKB30189,Limited,2012,Escape,Ford
1FMCU03Z88KC33616,XLT,2008,Escape,Ford
1FMCU0GD1HUA38184,SE,2017,Escape,Ford
1FMYU04121KD98002,XLT,2001,Escape,Ford
1FMCU0F75GUB95338,S,2016,Escape,Ford
1FMYU04165KE17592,Limited,2005,Escape,Ford
1FMCU0C78CKA13867,XLS,2012,Escape,Ford
1FMCU03G99KC57746,XLT,2009,Escape,Ford
1FMCU0GD5KUA24165,SE,2019,Escape,Ford
1FMCU9GD4KUB25041,SE,2019,Escape,Ford
1FMCU0HXXDUD12064,SEL,2013,Escape,Ford
1FMCU0HD4JUD19111,SEL,2018,Escape,Ford
1FMCU0GXXFUB03511,SE,2015,Escape,Ford
1FMYU04141KF16812,XLT,2001,Escape,Ford
1FMCU0G96EUB27868,SE,2014,Escape,Ford
1FMCU9GXXGUC56847,SE,2016,Escape,Ford
1FMCU94105KA94168,Limited,2005,Escape,Ford
1FMCU9GD1KUB77355,SE,2019,Escape,Ford
1FMCU0GX3EUD42798,SE,2014,Escape,Ford
1FMCU0G96EUC44091,SE,2014,Escape,Ford
1FMCU9J90GUC03827,Titanium,2016,Escape,Ford
1FMCU0G91HUC77617,SE,2017,Escape,Ford
1FMCU9EG7CKB53023,Limited,2012,Escape,Ford
1FMCU9J95GUA28524,Titanium,2016,Escape,Ford
1FMYU04192KC28270,XLT,2002,Escape,Ford
1FMCU9DG9CKB90253,XLT,2012,Escape,Ford
1FMCU0G74GUA19010,SE,2016,Escape,Ford
1FMCU9GD5KUB55438,SE,2019,Escape,Ford
1FMCU0D76CKA00730,XLT,2012,Escape,Ford
1FMCU0F7XEUA75502,S,2014,Escape,Ford
1FMCU9GDXJUA70903,SE,2018,Escape,Ford
1FMCU0GX2EUC29408,SE,2014,Escape,Ford
1FMCU9GX4GUB22514,SE,2016,Escape,Ford
1FMCU93G59KA45785,XLT,2009,Escape,Ford
1FMCU0J9XDUD08625,Titanium,2013,Escape,Ford
1FMCU9HD0KUB55457,SEL,2019,Escape,Ford
1FMCU0GD8JUB09984,SE,2018,Escape,Ford
1FMCU0D72CKC24545,XLT,2012,Escape,Ford
1FMYU93124KA90077,XLT Duratec,2004,Escape,Ford
1FMCU9J94EUC74980,Titanium,2014,Escape,Ford
1FMCU0JDXHUB20665,Titanium,2017,Escape,Ford
1FMCU0JD7HUA12505,Titanium,2017,Escape,Ford
1FMCU0JD0HUC22833,Titanium,2017,Escape,Ford
1FMCU0GD5JUA41675,SE,2018,Escape,Ford
1FMCU0G69MUA62633,SE,2021,Escape,Ford
1FMCU0F77HUA55325,S,2017,Escape,Ford
1FMCU0F77HUD70013,S,2017,Escape,Ford
1FMCU9NA0PUB44282,ST-Line Select,2023,Escape,Ford
1FMCU9J94MUB19103,Titanium,2021,Escape,Ford
1FMYU93134KA77063,XLT Duratec,2004,Escape,Ford
1FMCU9G68NUB79870,SE,2022,Escape,Ford
1FMCU9GXXDUD89488,SE,2013,Escape,Ford
1FMCU0G75GUC63801,SE,2016,Escape,Ford
1FMCU9JZ0SUA95623,Platinum,2025,Escape,Ford
1FMCU94138KC43287,Limited,2008,Escape,Ford
1FMYU94166KB85887,Limited,2006,Escape,Ford
1FMCU9DG8AKC38645,XLT,2010,Escape,Ford
1FMCU9GXXDUB86472,SE,2013,Escape,Ford
1FMCU0JXXEUC19721,Titanium,2014,Escape,Ford
1FMCU0JX7FUB47863,Titanium,2015,Escape,Ford
1FMCU0JX9FUB59724,Titanium,2015,Escape,Ford
1FMCU9J95JUD61572,Titanium,2018,Escape,Ford
1FMCU0J97HUD65242,Titanium,2017,Escape,Ford
1FMCU0JX3GUB16966,Titanium,2016,Escape,Ford
1FMCU0JX8EUC19636,Titanium,2014,Escape,Ford
1FMCU0J99FUC11743,Titanium,2015,Escape,Ford
1FMCU0JX1EUD43120,Titanium,2014,Escape,Ford
1FMCU0JX5FUA16379,Titanium,2015,Escape,Ford
1FMCU0G64LUA86014,SE,2020,Escape,Ford
1FMCU0G60LUA40440,SE,2020,Escape,Ford
1FMCU0GD3JUD50092,SE,2018,Escape,Ford
1FMCU0GDXKUA17793,SE,2019,Escape,Ford
1FMCU0G6XLUA62395,SE,2020,Escape,Ford
1FMCU0GD5JUA63658,SE,2018,Escape,Ford
1FMCU0G61MUA62822,SE,2021,Escape,Ford
1FMCU0GD5JUD58565,SE,2018,Escape,Ford
1FMCU0G67MUA47323,SE,2021,Escape,Ford
1FMCU0G63LUC51728,SE,2020,Escape,Ford
1FMCU9F67LUB33123,S,2020,Escape,Ford
1FMCU0F71KUA43193,S,2019,Escape,Ford
1FMCU9J90JUA00976,Titanium,2018,Escape,Ford
1FMCU9J95MUA80313,Titanium,2021,Escape,Ford
1FMCU9J95LUB80071,Titanium,2020,Escape,Ford
1FMCU9J97LUC30887,Titanium,2020,Escape,Ford
1FMCU9J90FUC70636,Titanium,2015,Escape,Ford
1FMCU9J9XEUB87147,Titanium,2014,Escape,Ford
1FMCU9J98JUB29998,Titanium,2018,Escape,Ford
1FMCU9J90DUA31973,Titanium,2013,Escape,Ford
1FMCU9NZ9PUA06889,ST-Line Select,2023,Escape,Ford
1FMCU9NAXSUA46997,ST-Line Select,2025,Escape,Ford
1FMCU9NA3PUA09829,ST-Line Select,2023,Escape,Ford
1FMCU9NA0SUA46877,ST-Line Select,2025,Escape,Ford
1FMCU9NZ2SUB25019,ST-Line Select,2025,Escape,Ford
1FMCU9NA8SUA55472,ST-Line Select,2025,Escape,Ford
1FMCU9NAXSUA53738,ST-Line Select,2025,Escape,Ford
1FMCU9NA3SUA95135,ST-Line Select,2025,Escape,Ford
1FMCU9NAXRUA42443,ST-Line Select,2024,Escape,Ford
1FMCU9NA6PUB45811,ST-Line Select,2023,Escape,Ford
1FMCU9G99DUC81686,SE,2013,Escape,Ford
1FMCU9H99LUB46236,SEL,2020,Escape,Ford
1FMCU9EG1AKC12077,Limited,2010,Escape,Ford
1FMCU9J94MUA20121,Titanium,2021,Escape,Ford
1FMCU9J95DUA69215,Titanium,2013,Escape,Ford
1FMCU9DG6BKC14880,XLT,2011,Escape,Ford
1FMCU9GX5DUA26628,SE,2013,Escape,Ford
1FMCU9D75CKA00349,XLT,2012,Escape,Ford
1FMCU94G49KC00258,Limited,2009,Escape,Ford
1FMCU9GX0EUA00956,SE,2014,Escape,Ford
1FMCU0J90HUB50060,Titanium,2017,Escape,Ford
1FMCU0J92GUA08162,Titanium,2016,Escape,Ford
1FMCU9J9XMUB02757,Titanium,2021,Escape,Ford
1FMCU0JX8EUD16383,Titanium,2014,Escape,Ford
1FMCU0JX5FUC41823,Titanium,2015,Escape,Ford
1FMCU0JX0GUB34874,Titanium,2016,Escape,Ford
1FMCU0JX0FUA76652,Titanium,2015,Escape,Ford
1FMCU0J92EUA91881,Titanium,2014,Escape,Ford
1FMCU0J90EUE56512,Titanium,2014,Escape,Ford
1FMCU0J98EUD23769,Titanium,2014,Escape,Ford
1FMCU0G66LUC22255,SE,2020,Escape,Ford
1FMCU0GD6JUC05998,SE,2018,Escape,Ford
1FMCU0G67LUC21003,SE,2020,Escape,Ford
1FMCU0GD7JUC59102,SE,2018,Escape,Ford
1FMCU0GD1KUA34272,SE,2019,Escape,Ford
1FMCU0GD7JUD58566,SE,2018,Escape,Ford
1FMCU0G65LUA31751,SE,2020,Escape,Ford
1FMCU0G60MUA48183,SE,2021,Escape,Ford
1FMCU0G6XMUA99089,SE,2021,Escape,Ford
1FMCU0GD7KUA04841,SE,2019,Escape,Ford
1FMCU9J91HUA65846,Titanium,2017,Escape,Ford
1FMCU9J90EUB50818,Titanium,2014,Escape,Ford
1FMCU9J96KUB14997,Titanium,2019,Escape,Ford
1FMCU9J95HUD61100,Titanium,2017,Escape,Ford
1FMCU9J96MUA07452,Titanium,2021,Escape,Ford
1FMCU9J97JUC64390,Titanium,2018,Escape,Ford
1FMCU9J9XKUB71347,Titanium,2019,Escape,Ford
1FMCU9J98MUB18651,Titanium,2021,Escape,Ford
1FMCU9J9XJUC64349,Titanium,2018,Escape,Ford
1FMCU9J91LUC10909,Titanium,2020,Escape,Ford
1FMCU9NZ9RUA32606,ST-Line Select,2024,Escape,Ford
1FMCU9NZ5PUA48024,ST-Line Select,2023,Escape,Ford
1FMCU9NZ6RUB42948,ST-Line Select,2024,Escape,Ford
1FMCU9NA1PUA94721,ST-Line Select,2023,Escape,Ford
1FMCU9NZ0TUA46238,ST-Line Select,2026,Escape,Ford
1FMCU9NZ0SUB13385,ST-Line Select,2025,Escape,Ford
1FMCU9NA5SUA97825,ST-Line Select,2025,Escape,Ford
1FMCU9NA7SUA72683,ST-Line Select,2025,Escape,Ford
1FMCU9NZ9SUB15720,ST-Line Select,2025,Escape,Ford
1FMCU9NA9PUB18084,ST-Line Select,2023,Escape,Ford
